Date,0700.HK,9988.HK,3690.HK,1810.HK,9618.HK,^HSI,Cash
2020-06-18,404.0928955078125,216.13108825683594,172.5,12.65999984741211,230.27613830566406,24464.939453125,100.0
2020-06-19,406.2104187011719,217.32186889648438,174.0,12.899999618530273,229.8825225830078,24643.890625,100.0
2020-06-22,418.3860778808594,211.36785888671875,170.5,12.5600004196167,224.3716278076172,24511.33984375,100.0
2020-06-23,438.85546875,218.31422424316406,176.8000030517578,12.720000267028809,226.33981323242188,24907.33984375,100.0
2020-06-24,433.0323181152344,219.7034912109375,178.39999389648438,13.880000114440918,231.0634307861328,24781.580078125,100.0
2020-06-26,427.9149475097656,212.95559692382812,174.6999969482422,13.319999694824219,230.66976928710938,24549.990234375,100.0
2020-06-29,428.7972717285156,207.79544067382812,171.6999969482422,13.0,226.14300537109375,24301.279296875,100.0
2020-06-30,439.91424560546875,207.99392700195312,171.89999389648438,12.84000015258789,228.1111602783203,24427.189453125,100.0
2020-07-02,457.47198486328125,212.7571258544922,179.39999389648438,13.600000381469727,232.04750061035156,25124.189453125,100.0
2020-07-03,462.7657775878906,219.10809326171875,191.6999969482422,14.260000228881836,231.85069274902344,25373.119140625,100.0
2020-07-06,458.79541015625,223.6728515625,191.0,14.979999542236328,240.904296875,26339.16015625,100.0
2020-07-07,455.2662353515625,230.61920166015625,185.0,14.779999732971191,238.1488494873047,25975.66015625,100.0
2020-07-08,479.0882873535156,235.9778289794922,199.8000030517578,16.100000381469727,243.6597137451172,26129.1796875,100.0
2020-07-09,496.73431396484375,259.595458984375,209.8000030517578,16.84000015258789,261.76690673828125,26210.16015625,100.0
2020-07-10,482.1763610839844,253.44297790527344,208.1999969482422,16.8799991607666,256.2560119628906,25727.41015625,100.0
2020-07-13,477.3236999511719,252.4506378173828,206.0,17.040000915527344,251.53240966796875,25772.119140625,100.0
2020-07-14,463.2069091796875,238.55792236328125,197.10000610351562,16.420000076293945,237.95201110839844,25477.890625,100.0
2020-07-15,479.0882873535156,241.53492736816406,200.60000610351562,16.360000610351562,237.36155700683594,25481.580078125,100.0
2020-07-16,452.61932373046875,231.4130859375,185.10000610351562,15.079999923706055,231.26022338867188,24970.689453125,100.0
2020-07-17,459.6777648925781,236.97018432617188,191.10000610351562,15.5,236.77114868164062,25089.169921875,100.0
2020-07-20,461.00115966796875,237.76405334472656,188.39999389648438,15.819999694824219,237.95201110839844,25057.990234375,100.0
2020-07-21,497.6165771484375,255.03070068359375,205.0,16.600000381469727,250.15469360351562,25635.66015625,100.0
2020-07-22,475.5591125488281,246.0996856689453,192.1999969482422,15.640000343322754,238.3456573486328,25057.939453125,100.0
2020-07-23,491.44049072265625,244.71041870117188,199.0,15.9399995803833,237.75521850585938,25263.0,100.0
2020-07-24,465.8538513183594,237.16864013671875,190.6999969482422,15.100000381469727,231.0634307861328,24705.330078125,100.0
2020-07-27,458.79541015625,237.16864013671875,185.0,14.640000343322754,233.03160095214844,24603.259765625,100.0
2020-07-28,479.52947998046875,242.72572326660156,191.0,14.859999656677246,239.5265655517578,24772.759765625,100.0
2020-07-29,477.76483154296875,241.1379852294922,193.0,14.899999618530273,235.9838409423828,24883.140625,100.0
2020-07-30,472.0299072265625,242.9241943359375,195.0,14.760000228881836,236.9679412841797,24710.58984375,100.0
2020-07-31,471.1475830078125,244.114990234375,191.89999389648438,14.819999694824219,236.9679412841797,24595.349609375,100.0
2020-08-03,475.5591125488281,243.7180633544922,200.60000610351562,15.020000457763672,243.26608276367188,24458.130859375,100.0
2020-08-04,485.2644348144531,251.85523986816406,218.0,15.5,247.98968505859375,24946.630859375,100.0
2020-08-05,494.9696960449219,253.8399200439453,218.39999389648438,15.579999923706055,248.97378540039062,25102.5390625,100.0
2020-08-06,490.11700439453125,255.03070068359375,221.1999969482422,15.920000076293945,249.95785522460938,24930.580078125,100.0
2020-08-07,465.41265869140625,247.29046630859375,222.39999389648438,15.4399995803833,242.47882080078125,24531.619140625,100.0
2020-08-10,442.9140319824219,240.54258728027344,223.0,15.140000343322754,236.57427978515625,24377.4296875,100.0
2020-08-11,453.0604553222656,242.1303253173828,218.39999389648438,15.020000457763672,238.54246520996094,24890.6796875,100.0
2020-08-12,459.2366027832031,241.53492736816406,213.8000030517578,15.0600004196167,237.1647491455078,25244.01953125,100.0
2020-08-13,449.9724426269531,246.29812622070312,211.39999389648438,15.199999809265137,240.5106201171875,25230.669921875,100.0
2020-08-14,446.8843688964844,244.90887451171875,219.8000030517578,15.34000015258789,239.13291931152344,25183.009765625,100.0
2020-08-17,445.1197814941406,240.93951416015625,218.1999969482422,16.200000762939453,238.7393035888672,25347.33984375,100.0
2020-08-18,451.7370300292969,250.0690155029297,235.0,17.239999771118164,261.373291015625,25367.380859375,100.0
2020-08-19,446.44317626953125,253.44297790527344,231.0,17.81999969482422,273.575927734375,25178.91015625,100.0
2020-08-20,448.20782470703125,253.04603576660156,234.60000610351562,18.18000030517578,275.3473205566406,24791.390625,100.0
2020-08-21,457.03082275390625,250.8629150390625,245.1999969482422,18.15999984741211,283.0231628417969,25113.83984375,100.0
2020-08-24,483.4997863769531,262.3739929199219,265.79998779296875,18.440000534057617,294.2417907714844,25551.580078125,100.0
2020-08-25,480.4117431640625,267.13720703125,257.6000061035156,18.1200008392334,293.2576904296875,25486.220703125,100.0
2020-08-26,486.5878601074219,278.2514343261719,258.79998779296875,19.15999984741211,310.7743835449219,25491.7890625,100.0
2020-08-27,492.3227233886719,278.4498596191406,271.0,21.350000381469727,311.5616760253906,25281.150390625,100.0
2020-08-28,476.88250732421875,274.8774719238281,265.20001220703125,22.5,303.4921569824219,25422.060546875,100.0
2020-08-31,468.0595397949219,280.63299560546875,255.60000610351562,23.5,305.65716552734375,25177.05078125,100.0
2020-09-01,475.5591125488281,280.63299560546875,264.6000061035156,25.600000381469727,304.2794494628906,25184.849609375,100.0
2020-09-02,480.8529052734375,288.9686584472656,272.79998779296875,25.700000762939453,326.7165832519531,25120.08984375,100.0
2020-09-03,471.1475830078125,282.0223083496094,262.6000061035156,23.899999618530273,318.056640625,25007.599609375,100.0
2020-09-04,457.03082275390625,271.90045166015625,261.79998779296875,24.5,302.9017028808594,24695.44921875,100.0
2020-09-07,450.8547058105469,263.5648498535156,248.1999969482422,24.149999618530273,300.9335021972656,24589.650390625,100.0
2020-09-08,448.64898681640625,267.5341796875,238.0,22.399999618530273,300.146240234375,24624.33984375,100.0
2020-09-09,444.6787109375,261.1831970214844,232.0,22.100000381469727,290.8958435058594,24468.9296875,100.0
2020-09-10,446.44317626953125,260.5877990722656,233.0,22.450000762939453,290.3053894042969,24313.5390625,100.0
2020-09-11,455.2662353515625,263.96173095703125,242.8000030517578,23.25,290.3053894042969,24503.310546875,100.0
2020-09-14,467.17724609375,266.1448974609375,244.60000610351562,23.549999237060547,289.12451171875,24640.279296875,100.0
2020-09-15,467.17724609375,265.35101318359375,243.60000610351562,22.350000381469727,296.9971923828125,24732.759765625,100.0
2020-09-16,471.5887145996094,270.90814208984375,248.1999969482422,22.75,293.6512451171875,24725.630859375,100.0
2020-09-17,464.9715270996094,265.74798583984375,240.8000030517578,21.299999237060547,282.4327087402344,24340.849609375,100.0
2020-09-18,463.2069091796875,267.5341796875,241.60000610351562,22.049999237060547,287.15631103515625,24455.41015625,100.0
2020-09-21,455.7073669433594,259.992431640625,241.60000610351562,20.600000381469727,282.6295471191406,23950.689453125,100.0
2020-09-22,451.2958679199219,262.77093505859375,242.60000610351562,20.450000762939453,285.3849792480469,23716.849609375,100.0
2020-09-23,453.50164794921875,264.9541015625,250.0,20.850000381469727,287.7467956542969,23742.509765625,100.0
2020-09-24,445.56097412109375,259.00006103515625,238.60000610351562,19.84000015258789,283.8104553222656,23311.0703125,100.0
2020-09-25,444.2375183105469,256.0230407714844,232.0,19.719999313354492,277.7091369628906,23235.419921875,100.0
2020-09-28,446.44317626953125,261.38165283203125,237.0,20.200000762939453,285.3849792480469,23476.05078125,100.0
2020-09-29,446.0020751953125,263.3663330078125,234.60000610351562,20.049999237060547,290.5022277832031,23275.529296875,100.0
2020-09-30,451.2958679199219,273.4881896972656,241.8000030517578,20.450000762939453,289.12451171875,23459.05078125,100.0
2020-10-05,463.2069091796875,279.8391418457031,245.8000030517578,20.799999237060547,292.6672058105469,23767.779296875,100.0
2020-10-06,465.41265869140625,277.8544616699219,258.0,21.399999618530273,293.8481140136719,23980.650390625,100.0
2020-10-07,472.0299072265625,285.99163818359375,267.79998779296875,21.700000762939453,300.3431091308594,24242.859375,100.0
2020-10-08,472.0299072265625,287.38092041015625,266.79998779296875,20.850000381469727,300.146240234375,24193.349609375,100.0
2020-10-09,476.000244140625,284.0069580078125,270.0,20.950000762939453,302.9017028808594,24119.130859375,100.0
2020-10-12,491.44049072265625,289.7625427246094,275.20001220703125,22.700000762939453,311.75848388671875,24649.6796875,100.0
2020-10-14,505.99847412109375,295.3196105957031,278.3999938964844,23.25,318.8438720703125,24667.08984375,100.0
2020-10-15,487.0289306640625,282.61767578125,265.0,22.450000762939453,306.44439697265625,24158.5390625,100.0
2020-10-16,491.44049072265625,291.7471923828125,265.79998779296875,23.149999618530273,309.9871520996094,24386.7890625,100.0
2020-10-19,495.4107971191406,294.92266845703125,259.0,22.200000762939453,311.9552917480469,24542.259765625,100.0
2020-10-20,498.0577087402344,297.1058044433594,260.79998779296875,22.200000762939453,312.54571533203125,24569.5390625,100.0
2020-10-21,499.8223571777344,297.8996887207031,269.0,22.399999618530273,317.6629638671875,24754.419921875,100.0
2020-10-22,497.1754455566406,297.70123291015625,269.0,22.350000381469727,317.8598327636719,24786.130859375,100.0
2020-10-23,495.4107971191406,295.716552734375,262.3999938964844,21.850000381469727,310.9712219238281,24918.779296875,100.0
2020-10-27,516.1448364257812,297.70123291015625,266.0,21.100000381469727,311.36480712890625,24787.189453125,100.0
2020-10-28,530.2616577148438,305.0445251464844,280.0,21.399999618530273,315.8916320800781,24708.80078125,100.0
2020-10-29,533.790771484375,300.2813415527344,297.20001220703125,21.799999237060547,312.9394226074219,24586.599609375,100.0
2020-10-30,521.4385986328125,290.9533386230469,288.20001220703125,22.0,310.1839599609375,24107.419921875,100.0
2020-11-02,530.7028198242188,295.51806640625,294.6000061035156,22.100000381469727,315.3011474609375,24460.009765625,100.0
2020-11-03,527.61474609375,297.50274658203125,296.0,22.200000762939453,316.8757629394531,24939.73046875,100.0
2020-11-04,519.23291015625,275.0759582519531,313.79998779296875,23.950000762939453,324.7484436035156,24886.140625,100.0
2020-11-05,551.436767578125,292.3426208496094,329.6000061035156,24.25,355.2550964355469,25695.919921875,100.0
2020-11-06,542.1726684570312,279.8391418457031,326.79998779296875,25.100000381469727,352.49969482421875,25712.970703125,100.0
2020-11-09,549.2310791015625,287.976318359375,335.20001220703125,25.549999237060547,356.4360046386719,26016.169921875,100.0
2020-11-10,524.9678344726562,273.2897033691406,300.0,24.450000762939453,325.14202880859375,26301.48046875,100.0
2020-11-11,486.14666748046875,246.49661254882812,271.0,22.450000762939453,295.225830078125,26226.98046875,100.0
2020-11-12,509.0865783691406,251.0613555908203,286.79998779296875,23.25,317.8598327636719,26169.380859375,100.0
2020-11-13,531.1438598632812,255.03070068359375,305.79998779296875,24.25,342.8555908203125,26156.859375,100.0
2020-11-16,526.7324829101562,252.0537109375,318.3999938964844,25.200000762939453,362.1437072753906,26381.669921875,100.0
2020-11-17,513.0568237304688,247.88589477539062,303.0,24.100000381469727,336.3606262207031,26415.08984375,100.0
2020-11-18,519.6741333007812,248.0843505859375,300.0,24.0,334.58929443359375,26544.2890625,100.0
2020-11-19,505.5572509765625,243.3211212158203,294.0,25.200000762939453,326.9134521484375,26356.970703125,100.0
2020-11-20,518.791748046875,251.0613555908203,304.20001220703125,25.549999237060547,330.6529541015625,26451.5390625,100.0
2020-11-23,517.0271606445312,261.97705078125,308.0,27.600000381469727,339.1160888671875,26486.19921875,100.0
2020-11-24,515.2625732421875,267.93109130859375,303.3999938964844,27.149999618530273,342.6587829589844,26588.19921875,100.0
2020-11-25,505.5572509765625,264.9541015625,293.6000061035156,26.149999618530273,337.5415344238281,26669.75,100.0
2020-11-26,517.0271606445312,266.9387512207031,308.0,26.600000381469727,340.29693603515625,26819.44921875,100.0
2020-11-27,514.3803100585938,267.5341796875,312.0,26.049999237060547,337.3447265625,26894.6796875,100.0
2020-11-30,496.73431396484375,259.3970031738281,290.0,26.5,333.2115783691406,26341.490234375,100.0
2020-12-01,509.96875,255.2292022705078,289.20001220703125,26.149999618530273,330.2593078613281,26567.6796875,100.0
2020-12-02,506.4395751953125,253.24449157714844,277.79998779296875,24.299999237060547,320.81207275390625,26532.580078125,100.0
2020-12-03,519.6741333007812,255.42762756347656,275.79998779296875,25.299999237060547,326.1261291503906,26728.5,100.0
2020-12-04,519.23291015625,261.97705078125,288.6000061035156,25.350000381469727,333.9988098144531,26835.919921875,100.0
2020-12-07,514.8214111328125,256.0230407714844,282.3999938964844,25.149999618530273,326.5197448730469,26506.849609375,100.0
2020-12-08,514.3803100585938,256.0230407714844,287.6000061035156,26.350000381469727,320.6152648925781,26304.560546875,100.0
2020-12-09,516.1448364257812,258.80157470703125,286.3999938964844,27.5,316.0884704589844,26502.83984375,100.0
2020-12-10,509.96875,253.44297790527344,287.0,27.600000381469727,313.9234619140625,26410.58984375,100.0
2020-12-11,518.791748046875,256.41998291015625,293.79998779296875,27.549999237060547,315.1044006347656,26505.869140625,100.0
2020-12-14,503.7926330566406,249.67208862304688,282.6000061035156,29.200000762939453,310.1839599609375,26389.51953125,100.0
2020-12-15,494.0873718261719,244.114990234375,274.20001220703125,29.549999237060547,301.5239562988281,26207.2890625,100.0
2020-12-16,504.2337951660156,249.07669067382812,279.20001220703125,29.299999237060547,306.6412658691406,26460.2890625,100.0
2020-12-17,514.3803100585938,256.0230407714844,285.0,29.299999237060547,317.8598327636719,26678.380859375,100.0
2020-12-18,511.73333740234375,253.6414337158203,278.3999938964844,28.799999237060547,315.3011474609375,26498.599609375,100.0
2020-12-21,504.6749572753906,248.0843505859375,278.3999938964844,29.299999237060547,308.41259765625,26306.6796875,100.0
2020-12-22,505.11614990234375,246.8935546875,276.20001220703125,29.649999618530273,310.1839599609375,26119.25,100.0
2020-12-23,503.7926330566406,246.49661254882812,287.0,31.899999618530273,327.7006530761719,26343.099609375,100.0
2020-12-24,491.88165283203125,226.8483428955078,278.20001220703125,32.45000076293945,320.22161865234375,26386.560546875,100.0
2020-12-28,457.9131164550781,208.39085388183594,260.0,31.149999618530273,313.3330078125,26314.630859375,100.0
2020-12-29,468.0595397949219,220.29888916015625,273.3999938964844,32.79999923706055,316.8757629394531,26568.490234375,100.0
2020-12-30,493.6462097167969,234.3900909423828,287.79998779296875,32.95000076293945,332.4242858886719,27147.109375,100.0
2020-12-31,499.38116455078125,230.42074584960938,294.0,33.04999923706055,336.7542724609375,27231.130859375,100.0
2021-01-04,505.11614990234375,225.8560028076172,292.6000061035156,35.25,338.1319885253906,27472.810546875,100.0
2021-01-05,514.8214111328125,221.29122924804688,296.6000061035156,35.29999923706055,333.4083557128906,27649.859375,100.0
2021-01-06,526.291259765625,228.23760986328125,310.0,33.900001525878906,359.19140625,27692.30078125,100.0
2021-01-07,501.5868835449219,219.3065643310547,308.0,32.0,345.41424560546875,27548.51953125,100.0
2021-01-08,505.5572509765625,222.48204040527344,318.0,31.950000762939453,342.0683898925781,27878.220703125,100.0
2021-01-11,521.4385986328125,219.3065643310547,309.6000061035156,32.04999923706055,347.97283935546875,27908.220703125,100.0
2021-01-12,520.5563354492188,218.31422424316406,302.0,33.45000076293945,347.185546875,28276.75,100.0
2021-01-13,525.8501586914062,222.08509826660156,296.3999938964844,33.0,341.0842590332031,28235.599609375,100.0
2021-01-14,555.4072265625,233.1992950439453,313.20001220703125,32.650001525878906,347.7760314941406,28496.859375,100.0
2021-01-15,569.082763671875,239.1533203125,307.6000061035156,29.299999237060547,344.82379150390625,28573.859375,100.0
2021-01-18,579.6703491210938,240.14564514160156,325.0,29.899999618530273,341.8714904785156,28862.76953125,100.0
2021-01-19,577.90576171875,242.3287811279297,341.0,31.399999618530273,346.79193115234375,29642.279296875,100.0
2021-01-20,599.52197265625,262.96942138671875,372.0,31.950000762939453,358.4041442871094,29962.470703125,100.0
2021-01-21,602.1690063476562,256.6184387207031,375.20001220703125,30.950000762939453,364.11187744140625,29927.759765625,100.0
2021-01-22,609.6685180664062,248.67974853515625,380.20001220703125,29.799999237060547,359.3882751464844,29447.849609375,100.0
2021-01-25,676.2821044921875,256.0230407714844,399.79998779296875,30.549999237060547,381.4317932128906,30159.009765625,100.0
2021-01-26,633.9318237304688,251.45828247070312,378.6000061035156,30.399999618530273,375.9208679199219,29391.259765625,100.0
2021-01-27,618.9326782226562,258.0077209472656,364.0,29.549999237060547,366.8672790527344,29297.529296875,100.0
2021-01-28,600.8456420898438,249.67208862304688,355.6000061035156,29.299999237060547,344.82379150390625,28550.76953125,100.0
2021-01-29,601.2866821289062,244.90887451171875,355.79998779296875,29.200000762939453,340.29693603515625,28283.7109375,100.0
2021-02-01,628.1968383789062,249.275146484375,391.0,29.799999237060547,347.3824157714844,28892.859375,100.0
2021-02-02,639.2255249023438,258.0077209472656,395.0,29.700000762939453,366.4736633300781,29248.69921875,100.0
2021-02-03,649.3720092773438,259.00006103515625,414.20001220703125,28.950000762939453,371.5909118652344,29307.4609375,100.0
2021-02-04,648.9308471679688,260.1908874511719,401.0,27.549999237060547,362.1437072753906,29113.5,100.0
2021-02-05,646.72509765625,256.0230407714844,401.3999938964844,27.200000762939453,363.71826171875,29288.6796875,100.0
2021-02-08,649.8131103515625,254.43528747558594,406.3999938964844,27.149999618530273,361.5532531738281,29319.470703125,100.0
2021-02-09,653.3423461914062,253.44297790527344,409.0,27.299999237060547,361.1595764160156,29476.189453125,100.0
2021-02-10,671.4295043945312,259.992431640625,430.3999938964844,27.450000762939453,377.8890686035156,30038.720703125,100.0
2021-02-11,667.9002685546875,259.00006103515625,443.20001220703125,28.0,380.2508544921875,30173.5703125,100.0
2021-02-16,657.312744140625,262.1755676269531,439.20001220703125,29.549999237060547,385.36810302734375,30746.66015625,100.0
2021-02-17,668.3414306640625,264.9541015625,451.3999938964844,29.5,410.16705322265625,31084.939453125,100.0
2021-02-18,659.5183715820312,258.4046936035156,428.0,28.799999237060547,407.0179748535156,30595.26953125,100.0
2021-02-19,653.783447265625,255.03070068359375,423.6000061035156,30.649999618530273,404.0657958984375,30644.73046875,100.0
2021-02-22,629.5202026367188,248.67974853515625,400.20001220703125,29.0,388.7140197753906,30319.830078125,100.0
2021-02-23,623.7852172851562,245.70274353027344,392.79998779296875,28.100000381469727,382.80950927734375,30632.640625,100.0
2021-02-24,606.1393432617188,240.93951416015625,365.79998779296875,26.850000381469727,367.85137939453125,29718.240234375,100.0
2021-02-25,610.1096801757812,241.53492736816406,370.3999938964844,26.850000381469727,371.98455810546875,30074.169921875,100.0
2021-02-26,584.5230712890625,230.61920166015625,340.0,25.299999237060547,354.27099609375,28980.2109375,100.0
2021-03-01,614.9623413085938,232.80235290527344,366.79998779296875,25.799999237060547,368.638671875,29452.5703125,100.0
2021-03-02,615.8446044921875,227.64218139648438,362.3999938964844,26.049999237060547,371.7876892089844,29095.859375,100.0
2021-03-03,637.9020385742188,230.61920166015625,372.6000061035156,26.450000762939453,371.7876892089844,29880.419921875,100.0
2021-03-04,608.7861938476562,225.45904541015625,340.0,25.399999618530273,357.0263977050781,29236.7890625,100.0
2021-03-05,599.0809326171875,225.26058959960938,337.0,24.450000762939453,351.7123718261719,29098.2890625,100.0
2021-03-08,566.8770751953125,218.90963745117188,308.79998779296875,22.350000381469727,330.84979248046875,28540.830078125,100.0
2021-03-09,568.200439453125,222.28358459472656,302.0,21.950000762939453,321.7961730957031,28773.23046875,100.0
2021-03-10,580.9938354492188,226.6498565673828,317.0,21.799999237060547,335.9670104980469,28907.51953125,100.0
2021-03-11,600.4043579101562,225.8560028076172,344.6000061035156,21.850000381469727,355.0582275390625,29385.609375,100.0
2021-03-12,573.9354248046875,224.2682342529297,333.0,22.75,337.9351806640625,28739.720703125,100.0
2021-03-15,554.0836791992188,219.7034912109375,317.20001220703125,24.350000381469727,317.07257080078125,28833.759765625,100.0
2021-03-16,556.2894287109375,219.7034912109375,329.6000061035156,26.299999237060547,325.7325134277344,29027.689453125,100.0
2021-03-17,550.99560546875,220.89431762695312,325.3999938964844,26.25,323.7643127441406,29034.119140625,100.0
2021-03-18,565.1124267578125,231.81002807617188,337.3999938964844,26.200000762939453,325.7325134277344,29405.720703125,100.0
2021-03-19,554.0836791992188,232.80235290527344,333.0,26.25,321.2057189941406,28990.939453125,100.0
2021-03-22,558.936279296875,229.4283905029297,320.6000061035156,26.75,322.7802429199219,28885.33984375,100.0
2021-03-23,554.52490234375,228.23760986328125,303.79998779296875,25.649999618530273,317.8598327636719,28497.380859375,100.0
2021-03-24,550.11328125,228.23760986328125,292.0,25.0,314.12030029296875,27918.140625,100.0
2021-03-25,534.6731567382812,219.3065643310547,287.3999938964844,23.899999618530273,302.9017028808594,27899.609375,100.0
2021-03-26,547.025390625,214.34486389160156,302.0,25.399999618530273,308.2157897949219,28336.4296875,100.0
2021-03-29,539.9669189453125,214.54335021972656,280.3999938964844,25.049999237060547,308.41259765625,28338.30078125,100.0
2021-03-30,537.7611694335938,219.9019775390625,293.6000061035156,25.600000381469727,313.9234619140625,28577.5,100.0
2021-03-31,538.202392578125,218.31422424316406,298.20001220703125,25.75,316.8757629394531,28378.349609375,100.0
2021-04-01,577.0234985351562,223.871337890625,325.79998779296875,26.450000762939453,330.84979248046875,28938.740234375,100.0
2021-04-07,555.4072265625,220.29888916015625,318.0,26.299999237060547,319.237548828125,28674.80078125,100.0
2021-04-08,547.025390625,221.29122924804688,320.79998779296875,26.200000762939453,315.69482421875,29008.0703125,100.0
2021-04-09,547.4664306640625,216.32955932617188,314.0,25.700000762939453,310.9712219238281,28698.80078125,100.0
2021-04-12,541.2904663085938,230.42074584960938,298.20001220703125,24.950000762939453,304.2794494628906,28453.279296875,100.0
2021-04-13,536.4376831054688,231.4130859375,276.0,24.899999618530273,293.6512451171875,28497.25,100.0
2021-04-14,550.11328125,235.9778289794922,286.0,25.399999618530273,301.13037109375,28900.830078125,100.0
2021-04-15,547.025390625,232.0084686279297,284.79998779296875,25.549999237060547,296.2099304199219,28793.140625,100.0
2021-04-16,557.6129150390625,233.79469299316406,290.20001220703125,26.049999237060547,298.1781005859375,28969.7109375,100.0
2021-04-19,553.2013549804688,230.22227478027344,289.20001220703125,26.600000381469727,296.6035461425781,29106.150390625,100.0
2021-04-20,549.2310791015625,226.45138549804688,293.6000061035156,26.799999237060547,293.2576904296875,29135.73046875,100.0
2021-04-21,537.3200073242188,220.10043334960938,282.20001220703125,26.450000762939453,282.6295471191406,28621.919921875,100.0
2021-04-22,547.9075317382812,219.7034912109375,292.0,26.450000762939453,286.7626647949219,28755.33984375,100.0
2021-04-23,557.6129150390625,222.68051147460938,306.3999938964844,27.049999237060547,292.2735900878906,29078.75,100.0
2021-04-26,554.52490234375,222.8789825439453,305.0,26.399999618530273,294.4385681152344,28952.830078125,100.0
2021-04-27,551.436767578125,224.6651611328125,313.0,26.299999237060547,293.2576904296875,28941.5390625,100.0
2021-04-28,554.0836791992188,229.82534790039062,309.3999938964844,25.299999237060547,299.75262451171875,29071.33984375,100.0
2021-04-29,557.1717529296875,229.6268768310547,309.20001220703125,25.149999618530273,302.11444091796875,29303.259765625,100.0
2021-04-30,549.6722412109375,223.27590942382812,298.0,24.600000381469727,294.044921875,28724.880859375,100.0
2021-05-03,550.99560546875,222.08509826660156,293.20001220703125,24.450000762939453,294.044921875,28357.5390625,100.0
2021-05-04,548.7899169921875,223.47438049316406,291.79998779296875,24.799999237060547,296.0130920410156,28557.140625,100.0
2021-05-05,538.6434326171875,218.31422424316406,287.0,24.700000762939453,291.28948974609375,28417.98046875,100.0
2021-05-06,538.6434326171875,219.9019775390625,285.79998779296875,25.5,290.69903564453125,28637.4609375,100.0
2021-05-07,529.37939453125,218.1157684326172,282.79998779296875,25.25,287.9436340332031,28610.650390625,100.0
2021-05-10,524.9678344726562,213.55101013183594,262.79998779296875,25.200000762939453,282.6295471191406,28595.66015625,100.0
2021-05-11,515.7035522460938,206.00926208496094,249.0,24.600000381469727,267.8682556152344,28013.810546875,100.0
2021-05-12,528.0558471679688,218.5126953125,255.1999969482422,26.100000381469727,281.8422546386719,28231.0390625,100.0
2021-05-13,511.73333740234375,211.5663299560547,251.60000610351562,25.350000381469727,272.1982116699219,27718.669921875,100.0
2021-05-14,514.3803100585938,203.0322265625,244.0,25.850000381469727,263.9319152832031,28027.5703125,100.0
2021-05-17,529.8204345703125,203.8260955810547,254.1999969482422,26.149999618530273,261.570068359375,28194.08984375,100.0
2021-05-18,535.9965209960938,206.00926208496094,260.0,26.600000381469727,266.49053955078125,28593.810546875,100.0
2021-05-20,537.3200073242188,204.4215087890625,273.20001220703125,27.350000381469727,276.33135986328125,28450.2890625,100.0
2021-05-21,519.23291015625,206.40618896484375,275.20001220703125,27.450000762939453,284.20404052734375,28458.439453125,100.0
2021-05-24,518.1140747070312,203.42916870117188,271.0,26.649999618530273,277.9058837890625,28412.259765625,100.0
2021-05-25,539.7943115234375,204.4215087890625,276.6000061035156,27.75,280.46453857421875,28910.859375,100.0
2021-05-26,546.8736572265625,205.41383361816406,279.6000061035156,28.149999618530273,283.0231628417969,29166.009765625,100.0
2021-05-27,535.8121948242188,207.20005798339844,271.79998779296875,29.049999237060547,279.8740539550781,29113.19921875,100.0
2021-05-28,532.2725219726562,205.81077575683594,265.20001220703125,28.600000381469727,277.9058837890625,29124.41015625,100.0
2021-05-31,547.7584838867188,209.38319396972656,294.0,29.25,286.56591796875,29151.80078125,100.0
2021-06-01,555.7225952148438,216.5280303955078,313.0,29.200000762939453,293.0608215332031,29468.0,100.0
2021-06-02,556.1651000976562,212.7571258544922,311.79998779296875,29.299999237060547,295.02899169921875,29297.619140625,100.0
2021-06-03,544.6613159179688,209.1847381591797,307.3999938964844,30.0,291.0926818847656,28966.029296875,100.0
2021-06-04,541.1216430664062,208.5893096923828,302.20001220703125,29.549999237060547,290.69903564453125,28918.099609375,100.0
2021-06-07,531.3876342773438,210.37551879882812,300.0,28.350000381469727,284.5976867675781,28787.279296875,100.0
2021-06-08,531.8301391601562,208.5893096923828,297.0,28.350000381469727,283.4167785644531,28781.380859375,100.0
2021-06-09,533.5999755859375,206.40618896484375,293.20001220703125,27.899999618530273,276.9218444824219,28742.630859375,100.0
2021-06-10,531.3876342773438,206.00926208496094,298.0,28.149999618530273,278.8899841308594,28738.880859375,100.0
2021-06-11,527.4055786132812,203.62762451171875,307.20001220703125,28.149999618530273,274.7568359375,28842.130859375,100.0
2021-06-15,530.9452514648438,204.8184356689453,302.3999938964844,28.149999618530273,271.60772705078125,28638.529296875,100.0
2021-06-16,527.8480224609375,201.8414306640625,288.79998779296875,27.950000762939453,269.4427185058594,28436.83984375,100.0
2021-06-17,530.060302734375,202.23837280273438,290.0,28.299999237060547,272.1982116699219,28558.58984375,100.0
2021-06-18,533.5999755859375,205.41383361816406,300.6000061035156,28.799999237060547,281.8422546386719,28801.26953125,100.0
2021-06-21,522.5386352539062,203.8260955810547,301.79998779296875,27.950000762939453,275.54412841796875,28489.0,100.0
2021-06-22,507.49517822265625,201.4445037841797,292.79998779296875,27.049999237060547,274.36322021484375,28309.759765625,100.0
2021-06-23,515.4593505859375,205.61228942871094,308.0,27.450000762939453,281.4486389160156,28817.0703125,100.0
2021-06-24,515.9017944335938,208.5893096923828,315.0,27.450000762939453,281.6455078125,28882.4609375,100.0
2021-06-25,529.6178588867188,213.94793701171875,330.0,27.799999237060547,290.3053894042969,29288.220703125,100.0
2021-06-28,526.963134765625,220.29888916015625,328.6000061035156,27.700000762939453,295.4226989746094,29268.30078125,100.0
2021-06-29,522.5386352539062,217.71881103515625,323.79998779296875,27.450000762939453,297.1940002441406,28994.099609375,100.0
2021-06-30,516.7866821289062,218.31422424316406,320.3999938964844,27.0,300.5399475097656,28827.94921875,100.0
2021-07-02,508.3800354003906,210.37551879882812,304.0,26.200000762939453,296.0130920410156,28310.419921875,100.0
2021-07-05,490.2394104003906,204.4215087890625,287.0,25.950000762939453,287.3531188964844,28143.5,100.0
2021-07-06,494.6639709472656,207.79544067382812,289.79998779296875,25.899999618530273,288.5340576171875,28072.859375,100.0
2021-07-07,485.3724365234375,204.22303771972656,286.0,25.700000762939453,282.4327087402344,27960.619140625,100.0
2021-07-08,467.2318115234375,195.78817749023438,267.6000061035156,25.399999618530273,272.1982116699219,27153.130859375,100.0
2021-07-09,476.5233154296875,194.001953125,279.20001220703125,26.700000762939453,274.5600280761719,27344.5390625,100.0
2021-07-12,472.98370361328125,195.8874053955078,285.20001220703125,26.649999618530273,276.9218444824219,27515.240234375,100.0
2021-07-13,491.5667724609375,203.62762451171875,295.0,27.0,286.36907958984375,27963.41015625,100.0
2021-07-14,492.4516906738281,204.8184356689453,290.0,27.149999618530273,291.0926818847656,27787.4609375,100.0
2021-07-15,499.9733581542969,208.98626708984375,290.3999938964844,26.950000762939453,292.2735900878906,27996.26953125,100.0
2021-07-16,499.0885314941406,207.79544067382812,290.79998779296875,28.25,293.2576904296875,28004.6796875,100.0
2021-07-19,486.25732421875,201.0475616455078,276.20001220703125,28.100000381469727,284.9913635253906,27489.779296875,100.0
2021-07-20,480.0629577636719,201.2460174560547,275.20001220703125,27.600000381469727,283.219970703125,27259.25,100.0
2021-07-21,476.08087158203125,201.4445037841797,270.20001220703125,26.850000381469727,281.6455078125,27224.580078125,100.0
2021-07-22,481.39031982421875,205.81077575683594,279.79998779296875,27.149999618530273,290.5022277832031,27723.83984375,100.0
2021-07-23,469.8865051269531,203.62762451171875,273.20001220703125,26.350000381469727,285.1881408691406,27321.98046875,100.0
2021-07-26,433.60528564453125,190.62802124023438,235.60000610351562,25.850000381469727,262.9478454589844,26192.3203125,100.0
2021-07-27,394.66925048828125,178.52149963378906,194.0,24.350000381469727,238.1488494873047,25086.4296875,100.0
2021-07-28,395.7311706542969,181.79620361328125,208.60000610351562,25.100000381469727,247.005615234375,25473.880859375,100.0
2021-07-29,435.37506103515625,195.78817749023438,228.39999389648438,25.899999618530273,278.6932067871094,26315.3203125,100.0
2021-07-30,423.8713073730469,187.55177307128906,215.0,25.350000381469727,272.1982116699219,25961.029296875,100.0
2021-08-02,420.3316345214844,190.42955017089844,216.0,25.75,272.7886657714844,26235.80078125,100.0
2021-08-03,394.66925048828125,192.01727294921875,211.60000610351562,25.899999618530273,271.41094970703125,26194.8203125,100.0
2021-08-04,404.226318359375,190.8264923095703,213.60000610351562,26.850000381469727,272.9854736328125,26426.55078125,100.0
2021-08-05,388.4749450683594,191.0249481201172,211.1999969482422,26.299999237060547,269.2460021972656,26204.689453125,100.0
2021-08-06,401.3945617675781,192.01727294921875,213.8000030517578,26.350000381469727,272.00140380859375,26179.400390625,100.0
2021-08-09,408.4738464355469,187.2540740966797,220.39999389648438,26.799999237060547,269.0491638183594,26283.400390625,100.0
2021-08-10,430.24261474609375,191.421875,239.0,27.450000762939453,280.661376953125,26605.619140625,100.0
2021-08-11,428.2958068847656,189.7349090576172,237.1999969482422,26.850000381469727,277.11865234375,26660.16015625,100.0
2021-08-12,426.5260009765625,187.2540740966797,236.60000610351562,26.299999237060547,271.8045959472656,26517.8203125,100.0
2021-08-13,416.0840759277344,182.59007263183594,233.39999389648438,25.450000762939453,269.63958740234375,26391.619140625,100.0
2021-08-16,401.57159423828125,179.01766967773438,221.39999389648438,24.850000381469727,259.40509033203125,26181.4609375,100.0
2021-08-17,384.93524169921875,170.48358154296875,213.60000610351562,24.5,246.02151489257812,25745.869140625,100.0
2021-08-18,385.9971923828125,170.28509521484375,218.1999969482422,24.600000381469727,249.36740112304688,25867.009765625,100.0
2021-08-19,372.7235412597656,160.85791015625,202.60000610351562,24.0,242.67564392089844,25316.330078125,100.0
2021-08-20,376.440185546875,156.6900634765625,193.39999389648438,23.450000762939453,237.55838012695312,24849.720703125,100.0
2021-08-23,383.8734130859375,150.9345245361328,195.39999389648438,24.350000381469727,239.72337341308594,25109.58984375,100.0
2021-08-24,417.6768798828125,165.2241973876953,221.8000030517578,25.25,275.54412841796875,25727.919921875,100.0
2021-08-25,419.9776611328125,162.8425750732422,227.0,25.350000381469727,289.3213195800781,25693.94921875,100.0
2021-08-26,417.49993896484375,160.9571075439453,226.8000030517578,24.450000762939453,291.87994384765625,25415.689453125,100.0
2021-08-27,412.721435546875,154.7053985595703,225.0,24.850000381469727,299.94940185546875,25407.890625,100.0
2021-08-30,412.1904602050781,156.98777770996094,228.39999389648438,24.850000381469727,293.6512451171875,25539.5390625,100.0
2021-08-31,425.81805419921875,164.23182678222656,249.0,25.0,301.5239562988281,25878.990234375,100.0
2021-09-01,432.18939208984375,163.9341278076172,253.39999389648438,25.200000762939453,306.44439697265625,26028.2890625,100.0
2021-09-02,438.9147033691406,169.689697265625,253.60000610351562,25.299999237060547,309.9871520996094,26090.4296875,100.0
2021-09-03,431.83544921875,163.6364288330078,244.8000030517578,25.399999618530273,307.231689453125,25901.990234375,100.0
2021-09-06,446.87890625,166.71267700195312,247.39999389648438,24.950000762939453,311.36480712890625,26163.630859375,100.0
2021-09-07,456.1704406738281,168.69735717773438,257.3999938964844,25.0,312.34893798828125,26353.630859375,100.0
2021-09-08,464.1346435546875,169.5904541015625,261.0,24.5,318.2534484863281,26320.9296875,100.0
2021-09-09,424.75616455078125,159.76632690429688,248.60000610351562,23.600000381469727,300.3431091308594,25716.0,100.0
2021-09-10,433.60528564453125,166.61343383789062,259.3999938964844,24.100000381469727,316.0884704589844,26205.91015625,100.0
2021-09-13,422.98638916015625,159.56784057617188,247.8000030517578,23.399999618530273,308.2157897949219,25813.810546875,100.0
2021-09-14,418.38482666015625,157.08700561523438,245.0,23.25,308.6094055175781,25502.23046875,100.0
2021-09-15,401.2176208496094,152.81996154785156,234.0,23.200000762939453,290.3053894042969,25033.2109375,100.0
2021-09-16,399.09381103515625,150.339111328125,232.60000610351562,22.649999618530273,289.12451171875,24667.849609375,100.0
2021-09-17,408.6508483886719,153.7130584716797,240.8000030517578,23.0,302.508056640625,24920.759765625,100.0
2021-09-20,401.925537109375,150.339111328125,234.60000610351562,22.799999237060547,289.9117736816406,24099.140625,100.0
2021-09-21,398.2088928222656,147.56057739257812,230.60000610351562,23.100000381469727,286.17218017578125,24221.5390625,100.0
2021-09-23,409.8897399902344,147.2628631591797,242.60000610351562,22.5,291.6831359863281,24510.98046875,100.0
2021-09-24,407.2349853515625,143.19430541992188,244.60000610351562,22.100000381469727,287.5499572753906,24192.16015625,100.0
2021-09-27,411.1285705566406,140.8126678466797,248.39999389648438,21.75,287.7467956542969,24208.779296875,100.0
2021-09-28,415.7300720214844,149.7436981201172,251.8000030517578,21.899999618530273,294.4385681152344,24500.390625,100.0
2021-09-29,411.4825439453125,147.1636505126953,250.0,22.0,289.12451171875,24663.5,100.0
2021-09-30,408.296875,141.11038208007812,246.60000610351562,21.350000381469727,278.6932067871094,24575.640625,100.0
2021-10-04,404.4032287597656,135.95022583007812,236.8000030517578,20.549999237060547,270.2300720214844,24036.369140625,100.0
2021-10-05,398.2088928222656,134.26324462890625,233.60000610351562,20.850000381469727,271.21417236328125,24104.150390625,100.0
2021-10-06,395.02325439453125,136.2479248046875,228.60000610351562,20.549999237060547,268.8523254394531,23966.490234375,100.0
2021-10-07,417.14593505859375,146.1713104248047,250.8000030517578,21.350000381469727,285.3849792480469,24701.73046875,100.0
2021-10-08,426.3490295410156,154.30845642089844,256.0,21.149999618530273,291.486328125,24837.849609375,100.0
2021-10-11,438.9147033691406,166.51422119140625,277.3999938964844,21.649999618530273,306.6412658691406,25325.08984375,100.0
2021-10-12,427.5878601074219,160.06402587890625,269.0,21.100000381469727,299.55584716796875,24962.58984375,100.0
2021-10-15,438.5607604980469,160.5601806640625,280.79998779296875,21.25,309.790283203125,25330.9609375,100.0
2021-10-18,439.79962158203125,161.65174865722656,280.3999938964844,21.350000381469727,312.7425537109375,25409.75,100.0
2021-10-19,441.5694274902344,163.53721618652344,285.6000061035156,22.5,317.8598327636719,25787.2109375,100.0
2021-10-20,450.8609924316406,174.45291137695312,293.79998779296875,22.799999237060547,325.9293212890625,26136.01953125,100.0
2021-10-21,447.32135009765625,172.56747436523438,288.3999938964844,22.450000762939453,321.7961730957031,26017.529296875,100.0
2021-10-22,450.8609924316406,173.06362915039062,289.20001220703125,22.600000381469727,319.8279724121094,26126.9296875,100.0
2021-10-25,446.87890625,172.6667022705078,286.79998779296875,22.549999237060547,319.8279724121094,26132.029296875,100.0
2021-10-26,444.2241516113281,168.20120239257812,283.0,22.399999618530273,320.4184265136719,26038.26953125,100.0
2021-10-27,430.9505310058594,163.23948669433594,268.6000061035156,21.899999618530273,307.62530517578125,25628.740234375,100.0
2021-10-28,432.012451171875,163.9341278076172,272.20001220703125,21.850000381469727,307.62530517578125,25555.73046875,100.0
2021-10-29,425.6410827636719,161.75099182128906,269.6000061035156,21.350000381469727,305.4603271484375,25377.240234375,100.0
2021-11-01,415.5531005859375,158.27781677246094,267.3999938964844,21.25,301.5239562988281,25154.3203125,100.0
2021-11-02,410.59765625,160.36172485351562,271.0,21.0,309.1998596191406,25099.669921875,100.0
2021-11-03,415.0221862792969,159.369384765625,277.0,20.450000762939453,311.36480712890625,25024.75,100.0
2021-11-04,425.4640808105469,164.33108520507812,286.0,20.75,318.64703369140625,25225.189453125,100.0
2021-11-05,413.6063232421875,158.67474365234375,276.79998779296875,20.399999618530273,304.8698425292969,24870.509765625,100.0
2021-11-08,410.420654296875,156.0946807861328,271.20001220703125,20.350000381469727,300.7366943359375,24763.76953125,100.0
2021-11-09,410.59765625,155.8961944580078,270.3999938964844,20.350000381469727,296.80035400390625,24813.130859375,100.0
2021-11-10,427.9418640136719,159.96478271484375,277.3999938964844,20.600000381469727,303.0985107421875,24996.140625,100.0
2021-11-11,422.6323547363281,161.949462890625,282.3999938964844,21.049999237060547,308.41259765625,25247.990234375,100.0
2021-11-12,429.3576965332031,161.1555938720703,289.79998779296875,21.149999618530273,324.35479736328125,25327.970703125,100.0
2021-11-15,435.1980895996094,160.26248168945312,289.6000061035156,21.299999237060547,330.45611572265625,25390.91015625,100.0
2021-11-16,444.6666259765625,163.9341278076172,297.3999938964844,21.799999237060547,332.62109375,25713.779296875,100.0
2021-11-17,450.41851806640625,163.53721618652344,292.6000061035156,21.75,329.66888427734375,25650.080078125,100.0
2021-11-18,439.6226501464844,154.80462646484375,285.3999938964844,21.149999618530273,317.8598327636719,25319.720703125,100.0
2021-11-19,438.9147033691406,138.23260498046875,280.79998779296875,21.149999618530273,346.79193115234375,25049.970703125,100.0
2021-11-22,437.49884033203125,136.04945373535156,274.0,20.899999618530273,353.4837341308594,24951.33984375,100.0
2021-11-23,425.81805419921875,131.98086547851562,265.3999938964844,20.700000762939453,349.15374755859375,24651.580078125,100.0
2021-11-24,417.8538818359375,130.79006958007812,273.3999938964844,19.260000228881836,346.79193115234375,24685.5,100.0
2021-11-25,422.8093566894531,134.3624725341797,274.20001220703125,19.579999923706055,348.7601013183594,24740.16015625,100.0
2021-11-26,410.0666809082031,128.11077880859375,263.6000061035156,19.059999465942383,340.4937744140625,24080.51953125,100.0
2021-11-29,409.1817932128906,129.0038604736328,245.0,19.299999237060547,345.0205993652344,23852.240234375,100.0
2021-11-30,406.5270690917969,126.32454681396484,238.0,19.280000686645508,334.3924255371094,23475.259765625,100.0
2021-12-01,414.84521484375,124.73680877685547,244.60000610351562,19.559999465942383,335.9670104980469,23658.919921875,100.0
2021-12-02,419.0927429199219,121.66056060791016,247.8000030517578,19.520000457763672,336.55743408203125,23788.9296875,100.0
2021-12-03,409.3587646484375,118.48509216308594,241.1999969482422,19.65999984741211,316.4820861816406,23766.689453125,100.0
2021-12-06,396.2620849609375,111.83642578125,232.39999389648438,19.1200008392334,301.13037109375,23349.380859375,100.0
2021-12-07,410.420654296875,125.53067779541016,245.8000030517578,19.239999771118164,302.11444091796875,23983.66015625,100.0
2021-12-08,413.25238037109375,119.6758804321289,245.1999969482422,19.219999313354492,302.11444091796875,23996.869140625,100.0
2021-12-09,418.2078552246094,122.45443725585938,247.0,19.399999618530273,306.05078125,24254.859375,100.0
2021-12-10,410.0666809082031,120.27129364013672,243.0,19.200000762939453,307.231689453125,23995.720703125,100.0
2021-12-13,412.89837646484375,120.17205810546875,248.0,19.239999771118164,305.65716552734375,23954.580078125,100.0
2021-12-14,406.8810119628906,117.79045104980469,246.1999969482422,18.440000534057617,299.55584716796875,23635.94921875,100.0
2021-12-15,403.3414001464844,120.07282257080078,241.8000030517578,18.0,294.6353454589844,23420.759765625,100.0
2021-12-16,400.50970458984375,119.7751235961914,238.39999389648438,18.1200008392334,285.7785949707031,23475.5,100.0
2021-12-17,387.59002685546875,116.10347747802734,225.8000030517578,18.219999313354492,275.74090576171875,23192.630859375,100.0
2021-12-20,380.5107421875,113.62263488769531,219.1999969482422,17.6200008392334,264.7191467285156,22744.859375,100.0
2021-12-21,390.0677490234375,113.02722930908203,229.0,18.399999618530273,269.0491638183594,22971.330078125,100.0
2021-12-22,392.0145568847656,114.01956939697266,230.39999389648438,18.5,274.7568359375,23102.330078125,100.0
2021-12-23,408.6508483886719,112.43183135986328,226.60000610351562,18.639999389648438,255.46873474121094,23193.640625,100.0
2021-12-24,407.2349853515625,112.13411712646484,226.0,18.639999389648438,257.0433044433594,23223.759765625,100.0
2021-12-28,398.5628967285156,112.63029479980469,223.39999389648438,18.780000686645508,256.649658203125,23280.560546875,100.0
2021-12-29,393.6073913574219,109.75251770019531,216.0,18.559999465942383,251.13876342773438,23086.5390625,100.0
2021-12-30,392.3684997558594,109.0578842163086,218.39999389648438,18.639999389648438,255.66555786132812,23112.009765625,100.0
2021-12-31,404.226318359375,117.9889144897461,225.39999389648438,18.899999618530273,269.63958740234375,23397.669921875,100.0
2022-01-03,401.57159423828125,114.11880493164062,223.39999389648438,18.600000381469727,266.09686279296875,23274.75,100.0
2022-01-04,398.2088928222656,116.00423431396484,219.60000610351562,18.559999465942383,261.17645263671875,23289.83984375,100.0
2022-01-05,381.04168701171875,113.62263488769531,195.10000610351562,17.920000076293945,242.47882080078125,22907.25,100.0
2022-01-06,386.70513916015625,120.07282257080078,202.1999969482422,18.1200008392334,252.5164794921875,23072.859375,100.0
2022-01-07,392.0145568847656,127.81305694580078,204.0,18.260000228881836,264.5223083496094,23493.380859375,100.0
2022-01-10,401.0406188964844,126.62224578857422,206.60000610351562,18.520000457763672,265.90008544921875,23746.5390625,100.0
2022-01-11,407.0579833984375,124.6375732421875,208.0,18.15999984741211,270.6236877441406,23739.060546875,100.0
2022-01-12,425.4640808105469,131.98086547851562,227.0,18.81999969482422,300.3431091308594,24402.169921875,100.0
2022-01-13,420.50860595703125,131.18699645996094,226.1999969482422,18.68000030517578,288.5340576171875,24429.76953125,100.0
2022-01-14,418.9157409667969,128.30921936035156,220.60000610351562,18.639999389648438,282.4327087402344,24383.3203125,100.0
2022-01-17,412.0135192871094,127.51535034179688,216.60000610351562,18.5,279.28363037109375,24218.029296875,100.0
2022-01-18,400.6866455078125,125.43145751953125,215.8000030517578,18.6200008392334,274.5600280761719,24112.779296875,100.0
2022-01-19,403.3414001464844,123.24830627441406,214.39999389648438,18.31999969482422,276.9218444824219,24127.849609375,100.0
2022-01-20,429.9632263183594,130.49237060546875,238.0,18.899999618530273,295.02899169921875,24952.349609375,100.0
2022-01-21,432.8807067871094,126.12608337402344,238.0,18.920000076293945,301.3271484375,24965.55078125,100.0
2022-01-24,428.1398620605469,118.1873779296875,232.8000030517578,18.200000762939453,284.5976867675781,24656.4609375,100.0
2022-01-25,425.5870361328125,115.90501403808594,225.8000030517578,17.6200008392334,276.1345520019531,24243.609375,100.0
2022-01-26,431.78668212890625,116.00423431396484,225.0,17.440000534057617,280.2677307128906,24289.900390625,100.0
2022-01-27,422.1225280761719,107.66860961914062,209.39999389648438,16.479999542236328,270.4268798828125,23807.0,100.0
2022-01-28,419.38739013671875,109.15711212158203,208.0,16.260000228881836,261.76690673828125,23550.080078125,100.0
2022-01-31,429.5985412597656,113.82109069824219,220.1999969482422,16.3799991607666,275.1504821777344,23802.259765625,100.0
2022-02-04,436.70989990234375,119.4774169921875,226.8000030517578,16.579999923706055,280.2677307128906,24573.2890625,100.0
2022-02-07,435.7981872558594,114.11880493164062,225.8000030517578,16.3799991607666,287.5499572753906,24579.55078125,100.0
2022-02-08,428.5045166015625,110.3479232788086,221.0,15.960000038146973,281.05499267578125,24329.490234375,100.0
2022-02-09,440.1744384765625,117.88969421386719,229.1999969482422,16.719999313354492,293.2576904296875,24829.990234375,100.0
2022-02-10,441.63311767578125,121.26362609863281,233.0,16.81999969482422,296.9971923828125,24924.349609375,100.0
2022-02-11,434.886474609375,121.46209716796875,227.8000030517578,16.600000381469727,293.8481140136719,24906.66015625,100.0
2022-02-14,430.3279113769531,117.79045104980469,219.60000610351562,16.34000015258789,284.9913635253906,24556.5703125,100.0
2022-02-15,428.5045166015625,117.49274444580078,214.0,16.280000686645508,285.7785949707031,24355.7109375,100.0
2022-02-16,434.1571044921875,121.56134033203125,219.39999389648438,16.600000381469727,292.4703674316406,24718.900390625,100.0
2022-02-17,436.70989990234375,122.0574951171875,220.8000030517578,16.540000915527344,290.69903564453125,24792.76953125,100.0
2022-02-18,428.5045166015625,118.58432006835938,188.0,16.139999389648438,282.4327087402344,24327.7109375,100.0
2022-02-21,406.0763854980469,114.01956939697266,180.5,16.100000381469727,280.46453857421875,24170.0703125,100.0
2022-02-22,405.5293884277344,110.54639434814453,171.3000030517578,15.619999885559082,270.82049560546875,23520.0,100.0
2022-02-23,405.7117004394531,111.53872680664062,176.60000610351562,15.760000228881836,280.46453857421875,23660.279296875,100.0
2022-02-24,390.0302734375,104.09619903564453,170.1999969482422,14.960000038146973,266.8841552734375,22901.560546875,100.0
2022-02-25,386.5657653808594,104.49313354492188,170.1999969482422,14.739999771118164,271.41094970703125,22767.1796875,100.0
2022-02-28,384.0129699707031,103.40155792236328,172.1999969482422,14.65999984741211,274.7568359375,22713.01953125,100.0
2022-03-01,392.94769287109375,103.00463104248047,173.39999389648438,14.680000305175781,283.219970703125,22761.7109375,100.0
2022-03-02,386.0187072753906,103.1038589477539,176.39999389648438,14.819999694824219,280.46453857421875,22343.919921875,100.0
2022-03-03,381.8248596191406,103.60002899169922,174.1999969482422,14.720000267028809,281.6455078125,22467.33984375,100.0
2022-03-04,367.6021728515625,98.24140167236328,164.8000030517578,13.960000038146973,258.2241516113281,21905.2890625,100.0
2022-03-07,353.7441101074219,95.26438903808594,146.1999969482422,13.680000305175781,243.06927490234375,21057.630859375,100.0
2022-03-08,349.367919921875,96.15748596191406,145.5,12.9399995803833,226.7334442138672,20765.869140625,100.0
2022-03-09,350.82666015625,95.5124740600586,148.5,13.300000190734863,231.26022338867188,20627.7109375,100.0
2022-03-10,351.00897216796875,95.36361694335938,144.1999969482422,13.579999923706055,233.62205505371094,20890.259765625,100.0
2022-03-11,335.32757568359375,90.10424041748047,135.39999389648438,13.65999984741211,207.8389892578125,20553.7890625,100.0
2022-03-14,302.5059814453125,80.28009033203125,112.5999984741211,12.479999542236328,177.135498046875,19531.66015625,100.0
2022-03-15,271.6900634765625,70.70404052734375,106.0,11.5,159.32351684570312,18415.080078125,100.0
2022-03-16,334.59814453125,90.00499725341797,140.0,13.399999618530273,216.1053009033203,20087.5,100.0
2022-03-17,355.5675354003906,101.21841430664062,157.1999969482422,13.9399995803833,250.3515167236328,21501.23046875,100.0
2022-03-18,347.3621520996094,97.59638214111328,153.3000030517578,13.520000457763672,239.9202117919922,21412.400390625,100.0
2022-03-21,339.52142333984375,98.34062957763672,143.89999389648438,13.380000114440918,235.1965789794922,21221.33984375,100.0
2022-03-22,353.7441101074219,109.35557556152344,153.0,14.199999809265137,249.7610626220703,21889.279296875,100.0
2022-03-23,354.6558837890625,116.6988754272461,156.1999969482422,14.779999732971191,247.98968505859375,22154.080078125,100.0
2022-03-24,333.68646240234375,112.9280014038086,147.0,14.5,237.75521850585938,21945.94921875,100.0
2022-03-25,324.9340515136719,106.57703399658203,135.0,14.420000076293945,225.15890502929688,21404.880859375,100.0
2022-03-28,334.0511779785156,110.2486801147461,150.60000610351562,14.479999542236328,221.22254943847656,21684.970703125,100.0
2022-03-29,343.89764404296875,112.63029479980469,159.3000030517578,14.119999885559082,234.6061248779297,21927.630859375,100.0
2022-03-30,346.99749755859375,113.02722930908203,160.10000610351562,14.15999984741211,234.21250915527344,22232.029296875,100.0
2022-03-31,341.1625061035156,111.24102020263672,155.60000610351562,13.9399995803833,230.27613830566406,21996.849609375,100.0
2022-04-01,345.35638427734375,108.85940551757812,155.5,13.779999732971191,225.35572814941406,22039.55078125,100.0
2022-04-04,355.5675354003906,112.8287582397461,167.0,14.039999961853027,242.67564392089844,22502.310546875,100.0
2022-04-06,347.3621520996094,106.77550506591797,160.89999389648438,13.65999984741211,231.0634307861328,22080.51953125,100.0
2022-04-07,341.3448486328125,104.3938980102539,159.3000030517578,13.420000076293945,223.58438110351562,21808.98046875,100.0
2022-04-08,336.9686584472656,103.00463104248047,156.5,13.199999809265137,218.86074829101562,21872.009765625,100.0
2022-04-11,322.3812561035156,97.7452392578125,147.5,12.359999656677246,211.97213745117188,21208.30078125,100.0
2022-04-12,334.0511779785156,98.24140167236328,153.89999389648438,12.319999694824219,220.63211059570312,21319.130859375,100.0
2022-04-13,340.615478515625,97.7452392578125,154.10000610351562,12.359999656677246,224.17483520507812,21374.369140625,100.0
2022-04-14,341.3448486328125,94.76822662353516,155.1999969482422,12.479999542236328,222.7970733642578,21518.080078125,100.0
2022-04-19,331.863037109375,90.79886627197266,146.0,12.039999961853027,218.66392517089844,21027.759765625,100.0
2022-04-20,330.0395812988281,90.00499725341797,144.89999389648438,12.020000457763672,217.28622436523438,20944.669921875,100.0
2022-04-21,317.2757263183594,87.22645568847656,137.8000030517578,11.520000457763672,203.1153564453125,20682.220703125,100.0
2022-04-22,310.52899169921875,85.98603057861328,141.39999389648438,11.619999885559082,205.08352661132812,20638.51953125,100.0
2022-04-25,298.494384765625,81.22281646728516,138.60000610351562,10.920000076293945,197.60450744628906,19869.33984375,100.0
2022-04-26,306.15277099609375,84.24944305419922,145.3000030517578,10.859999656677246,208.82305908203125,19934.7109375,100.0
2022-04-27,305.2411193847656,83.90213012695312,147.89999389648438,11.199999809265137,216.30213928222656,19946.359375,100.0
2022-04-28,309.7995910644531,87.57377624511719,148.89999389648438,11.359999656677246,225.9461669921875,20276.169921875,100.0
2022-04-29,344.08001708984375,101.31763458251953,172.0,12.199999809265137,261.373291015625,21089.390625,100.0
2022-05-03,346.450439453125,99.53144836425781,172.39999389648438,11.65999984741211,245.82472229003906,21101.890625,100.0
2022-05-04,335.87457275390625,95.81017303466797,164.5,11.380000114440918,235.7870330810547,20869.51953125,100.0
2022-05-05,334.0511779785156,95.95901489257812,164.6999969482422,11.579999923706055,237.75521850585938,20793.400390625,100.0
2022-05-06,318.3697509765625,89.65767669677734,157.0,11.100000381469727,222.99392700195312,20001.9609375,100.0
2022-05-10,311.0760498046875,85.34101104736328,151.8000030517578,10.819999694824219,204.68991088867188,19633.689453125,100.0
2022-05-11,319.4637756347656,84.99370574951172,161.39999389648438,11.0,204.88673400878906,19824.5703125,100.0
2022-05-12,313.8111877441406,79.38699340820312,157.0,10.359999656677246,188.9445343017578,19380.33984375,100.0
2022-05-13,323.11065673828125,81.57013702392578,167.60000610351562,11.039999961853027,196.42359924316406,19898.76953125,100.0
2022-05-16,319.09906005859375,83.95173645019531,163.5,11.119999885559082,196.8172149658203,19950.2109375,100.0
2022-05-17,335.87457275390625,89.85614776611328,173.6999969482422,11.720000267028809,211.38168334960938,20602.51953125,100.0
2022-05-18,333.3217468261719,89.31036376953125,172.0,11.65999984741211,209.01988220214844,20644.279296875,100.0
2022-05-19,311.623046875,82.71131896972656,165.5,11.079999923706055,197.20535278320312,20120.6796875,100.0
2022-05-20,322.6952819824219,87.37531280517578,173.0,11.739999771118164,208.85211181640625,20717.240234375,100.0
2022-05-23,317.7477111816406,84.44791412353516,167.6999969482422,11.5,210.03651428222656,20470.060546875,100.0
2022-05-24,309.6848449707031,82.95940399169922,159.60000610351562,11.15999984741211,198.98196411132812,20112.099609375,100.0
2022-05-25,306.01995849609375,81.71898651123047,159.6999969482422,11.220000267028809,196.02093505859375,20171.26953125,100.0
2022-05-26,306.20318603515625,80.47855377197266,158.60000610351562,11.300000190734863,194.8365020751953,20116.19921875,100.0
2022-05-27,313.16650390625,90.30270385742188,163.89999389648438,11.600000381469727,205.6936492919922,20697.359375,100.0
2022-05-30,320.6795959472656,94.17282104492188,175.10000610351562,12.020000457763672,219.90664672851562,21123.9296875,100.0
2022-05-31,332.04083251953125,95.5124740600586,187.0,12.140000343322754,223.06509399414062,21415.19921875,100.0
2022-06-01,330.2083740234375,93.87511444091797,182.5,12.15999984741211,221.28846740722656,21294.939453125,100.0
2022-06-02,328.9256591796875,91.59274291992188,180.1999969482422,11.960000038146973,218.5248260498047,21082.130859375,100.0
2022-06-06,336.8052673339844,96.20710754394531,198.10000610351562,12.34000015258789,228.78977966308594,21653.900390625,100.0
2022-06-07,336.8052673339844,98.04293823242188,199.0,12.140000343322754,235.6988983154297,21531.669921875,100.0
2022-06-08,358.6114196777344,107.96630859375,208.1999969482422,12.579999923706055,250.8988800048828,22014.58984375,100.0
2022-06-09,361.7265930175781,110.44715881347656,201.8000030517578,12.180000305175781,245.76641845703125,21869.05078125,100.0
2022-06-10,363.19256591796875,111.9356689453125,201.1999969482422,12.180000305175781,247.5430450439453,21806.1796875,100.0
2022-06-13,345.41778564453125,103.00463104248047,188.1999969482422,11.720000267028809,236.09368896484375,21067.580078125,100.0
2022-06-14,344.5015563964844,100.42454528808594,194.39999389648438,11.539999961853027,238.0677032470703,21067.990234375,100.0
2022-06-15,347.9831848144531,104.79082489013672,197.0,11.880000114440918,247.14822387695312,21308.2109375,100.0
2022-06-16,336.8052673339844,101.6153564453125,189.1999969482422,11.460000038146973,243.00277709960938,20845.4296875,100.0
2022-06-17,338.4544372558594,103.69925689697266,199.10000610351562,11.800000190734863,257.8079833984375,21075.0,100.0
2022-06-20,339.7371520996094,103.60002899169922,199.39999389648438,11.800000190734863,251.09628295898438,21163.91015625,100.0
2022-06-21,349.0826721191406,104.98928833007812,201.1999969482422,12.0,253.46510314941406,21559.58984375,100.0
2022-06-22,339.004150390625,100.72225189208984,191.60000610351562,11.619999885559082,237.6728973388672,21008.33984375,100.0
2022-06-23,343.58526611328125,107.17243194580078,192.60000610351562,11.84000015258789,240.4365234375,21273.869140625,100.0
2022-06-24,352.0145568847656,113.02722930908203,198.10000610351562,12.220000267028809,246.5560302734375,21719.060546875,100.0
2022-06-27,346.5172119140625,117.1950454711914,205.0,13.739999771118164,261.95343017578125,22229.51953125,100.0
2022-06-28,335.156005859375,117.1950454711914,207.60000610351562,14.220000267028809,256.0313415527344,22418.970703125,100.0
2022-06-29,334.42303466796875,113.62263488769531,202.8000030517578,13.800000190734863,248.13523864746094,21996.890625,100.0
2022-06-30,324.71099853515625,111.04254913330078,194.1999969482422,13.640000343322754,249.51705932617188,21859.7890625,100.0
2022-07-04,317.930908203125,112.33258056640625,201.1999969482422,13.84000015258789,258.59759521484375,21830.349609375,100.0
2022-07-05,319.58013916015625,114.3172607421875,197.6999969482422,13.359999656677246,256.82098388671875,21853.0703125,100.0
2022-07-06,318.4806823730469,116.10347747802734,195.89999389648438,13.180000305175781,246.75341796875,21586.66015625,100.0
2022-07-07,322.14556884765625,115.8057632446289,194.39999389648438,13.420000076293945,243.9897918701172,21643.580078125,100.0
2022-07-08,323.0617980957031,120.07282257080078,192.3000030517578,13.460000038146973,242.60797119140625,21725.779296875,100.0
2022-07-11,313.7162780761719,113.12645721435547,181.60000610351562,12.880000114440918,231.94821166992188,21124.19921875,100.0
2022-07-12,309.50164794921875,106.97396850585938,178.0,12.680000305175781,227.80276489257812,20844.740234375,100.0
2022-07-13,307.30267333984375,106.57703399658203,180.5,12.800000190734863,234.51446533203125,20797.94921875,100.0
2022-07-14,306.93621826171875,107.86707305908203,182.5,12.779999732971191,240.8313446044922,20751.2109375,100.0
2022-07-15,297.77392578125,101.41688537597656,179.1999969482422,12.460000038146973,233.52745056152344,20297.720703125,100.0
2022-07-18,304.7372741699219,103.1038589477539,189.6999969482422,13.15999984741211,240.8313446044922,20846.1796875,100.0
2022-07-19,305.2869873046875,100.12684631347656,189.10000610351562,12.920000076293945,237.8702850341797,20661.060546875,100.0
2022-07-20,310.234619140625,102.40921783447266,194.6999969482422,12.9399995803833,242.4105682373047,20890.220703125,100.0
2022-07-21,306.01995849609375,101.21841430664062,190.39999389648438,13.0,244.1871795654297,20574.630859375,100.0
2022-07-22,304.1875,101.31763458251953,191.6999969482422,12.960000038146973,243.79237365722656,20609.140625,100.0
2022-07-25,299.056640625,98.83679962158203,188.1999969482422,12.84000015258789,243.79237365722656,20562.939453125,100.0
2022-07-26,301.8052978515625,103.60002899169922,190.6999969482422,12.920000076293945,248.13523864746094,20905.880859375,100.0
2022-07-27,293.3760070800781,100.22607421875,190.10000610351562,12.699999809265137,245.56900024414062,20670.0390625,100.0
2022-07-28,293.9257507324219,98.39025115966797,188.0,13.0,241.818359375,20622.6796875,100.0
2022-07-29,281.0986022949219,92.38661193847656,176.3000030517578,12.34000015258789,230.76380920410156,20156.509765625,100.0
2022-08-01,274.50177001953125,88.91343688964844,180.0,12.140000343322754,231.94821166992188,20165.83984375,100.0
2022-08-02,270.287109375,86.38297271728516,176.1999969482422,11.619999885559082,225.2365264892578,19689.2109375,100.0
2022-08-03,277.25042724609375,89.65767669677734,177.10000610351562,11.600000381469727,230.17160034179688,19767.08984375,100.0
2022-08-04,285.8629455566406,94.27205657958984,183.8000030517578,12.119999885559082,242.80535888671875,20174.0390625,100.0
2022-08-05,281.83154296875,92.18814849853516,183.5,12.220000267028809,242.21316528320312,20201.939453125,100.0
2022-08-08,274.3185119628906,88.11956787109375,179.60000610351562,11.779999732971191,234.31704711914062,20045.76953125,100.0
2022-08-09,273.0357360839844,88.91343688964844,176.0,11.760000228881836,225.63133239746094,20003.439453125,100.0
2022-08-10,270.83685302734375,87.27607727050781,169.60000610351562,11.520000457763672,215.56378173828125,19610.83984375,100.0
2022-08-11,278.1666564941406,91.04695129394531,176.39999389648438,12.0600004196167,218.3274383544922,20082.4296875,100.0
2022-08-12,278.7164001464844,92.18814849853516,179.10000610351562,12.140000343322754,219.70925903320312,20175.619140625,100.0
2022-08-15,275.2347412109375,91.04695129394531,180.89999389648438,12.119999885559082,219.314453125,20040.859375,100.0
2022-08-16,277.6169128417969,89.26074981689453,164.5,11.680000305175781,218.3274383544922,19830.51953125,100.0
2022-08-17,277.8002014160156,89.65767669677734,170.0,11.680000305175781,220.3014678955078,19922.44921875,100.0
2022-08-18,286.4126892089844,87.57377624511719,171.10000610351562,11.640000343322754,214.77418518066406,19763.91015625,100.0
2022-08-19,288.61163330078125,88.81419372558594,169.89999389648438,11.65999984741211,214.37937927246094,19773.029296875,100.0
2022-08-22,284.5802307128906,87.82185363769531,171.10000610351562,11.279999732971191,215.95860290527344,19656.98046875,100.0
2022-08-23,286.5959777832031,87.72262573242188,168.6999969482422,11.180000305175781,218.5248260498047,19503.25,100.0
2022-08-24,284.030517578125,85.58910369873047,164.10000610351562,11.020000457763672,218.9196319580078,19268.740234375,100.0
2022-08-25,297.77392578125,93.08125305175781,177.3000030517578,11.420000076293945,243.00277709960938,19968.380859375,100.0
2022-08-26,297.04095458984375,95.06592559814453,181.89999389648438,11.779999732971191,245.1741943359375,20170.0390625,100.0
2022-08-29,295.94146728515625,94.42091369628906,186.6999969482422,11.399999618530273,241.818359375,20023.220703125,100.0
2022-08-30,296.4911804199219,94.47051239013672,185.0,11.34000015258789,243.79237365722656,19949.029296875,100.0
2022-08-31,299.78961181640625,93.57742309570312,189.8000030517578,11.5600004196167,243.594970703125,19954.390625,100.0
2022-09-01,297.4074401855469,91.49349975585938,178.6999969482422,11.380000114440918,241.818359375,19597.310546875,100.0
2022-09-02,301.07232666015625,89.95539093017578,176.1999969482422,11.15999984741211,240.8313446044922,19452.08984375,100.0
2022-09-05,292.27655029296875,87.82185363769531,173.60000610351562,10.859999656677246,233.724853515625,19225.69921875,100.0
2022-09-06,287.878662109375,87.37531280517578,173.39999389648438,10.9399995803833,233.52745056152344,19202.73046875,100.0
2022-09-07,285.4964904785156,86.73029327392578,172.10000610351562,10.800000190734863,230.76380920410156,19044.30078125,100.0
2022-09-08,276.5174255371094,86.53181457519531,171.5,10.5600004196167,232.1456298828125,18854.619140625,100.0
2022-09-09,281.2818603515625,89.11190795898438,179.89999389648438,10.800000190734863,240.2391357421875,19362.25,100.0
2022-09-13,279.26611328125,90.50116729736328,177.8000030517578,10.800000190734863,230.36898803710938,19326.859375,100.0
2022-09-14,274.50177001953125,86.43258666992188,173.8000030517578,10.4399995803833,220.69627380371094,18847.099609375,100.0
2022-09-15,274.86822509765625,87.4249267578125,175.39999389648438,10.420000076293945,223.85472106933594,18930.380859375,100.0
2022-09-16,268.63787841796875,86.1348876953125,171.89999389648438,10.239999771118164,220.1040496826172,18761.689453125,100.0
2022-09-19,264.7897033691406,83.05863952636719,169.39999389648438,10.020000457763672,214.57676696777344,18565.970703125,100.0
2022-09-20,268.8211364746094,85.53948211669922,172.60000610351562,10.039999961853027,222.0780792236328,18781.419921875,100.0
2022-09-21,262.04107666015625,82.41362762451172,167.5,9.75,215.56378173828125,18444.619140625,100.0
2022-09-22,259.2923583984375,80.23048400878906,164.89999389648438,9.680000305175781,209.44432067871094,18147.94921875,100.0
2022-09-23,251.96255493164062,77.79924774169922,160.3000030517578,9.460000038146973,202.3378143310547,17933.26953125,100.0
2022-09-26,259.4756164550781,78.09695434570312,167.5,9.670000076293945,207.2728729248047,17855.140625,100.0
2022-09-27,257.2766418457031,77.30308532714844,174.1999969482422,9.6899995803833,210.23391723632812,17860.310546875,100.0
2022-09-28,251.04632568359375,74.12759399414062,168.8000030517578,9.329999923706055,198.38975524902344,17250.880859375,100.0
2022-09-29,247.93115234375,76.2611312866211,170.1999969482422,8.880000114440918,199.3767547607422,17165.869140625,100.0
2022-09-30,244.08299255371094,77.35269927978516,165.60000610351562,8.960000038146973,196.02093505859375,17222.830078125,100.0
2022-10-03,241.7008056640625,77.05500030517578,161.6999969482422,8.789999961853027,190.88844299316406,17079.509765625,100.0
2022-10-05,255.62747192382812,83.55480194091797,174.89999389648438,9.399999618530273,210.23391723632812,18087.970703125,100.0
2022-10-06,254.52798461914062,82.51285552978516,177.10000610351562,9.390000343322754,204.1144256591797,18012.150390625,100.0
2022-10-07,247.93115234375,80.72664642333984,172.89999389648438,9.079999923706055,196.81051635742188,17740.05078125,100.0
2022-10-10,241.7008056640625,78.09695434570312,161.3000030517578,8.920000076293945,189.50662231445312,17216.66015625,100.0
2022-10-11,233.271484375,75.41764831542969,151.39999389648438,8.739999771118164,180.0312957763672,16832.359375,100.0
2022-10-12,232.35528564453125,73.78028869628906,150.39999389648438,8.680000305175781,182.8936309814453,16701.029296875,100.0
2022-10-13,225.5751953125,72.19255065917969,146.0,8.520000457763672,174.30662536621094,16389.109375,100.0
2022-10-14,228.32388305664062,72.68871307373047,149.0,8.619999885559082,172.53001403808594,16587.689453125,100.0
2022-10-17,226.49142456054688,72.63909149169922,149.6999969482422,8.729999542236328,169.6676483154297,16612.900390625,100.0
2022-10-18,233.08828735351562,75.41764831542969,154.0,9.140000343322754,175.98455810546875,16914.580078125,100.0
2022-10-19,223.55950927734375,72.14292907714844,144.5,8.9399995803833,166.21310424804688,16511.279296875,100.0
2022-10-20,212.93125915527344,69.3643798828125,140.8000030517578,9.109999656677246,159.89620971679688,16280.2197265625,100.0
2022-10-21,213.29776000976562,69.06668090820312,141.60000610351562,9.25,161.17935180664062,16211.1201171875,100.0
2022-10-24,188.9261016845703,61.17760467529297,120.5999984741211,8.449999809265137,139.9585418701172,15180.6904296875,100.0
2022-10-25,189.10934448242188,63.1126594543457,123.5,8.829999923706055,146.96632385253906,15165.58984375,100.0
2022-10-26,193.8737335205078,61.82261657714844,129.6999969482422,9.140000343322754,146.47283935546875,15317.669921875,100.0
2022-10-27,195.33969116210938,64.35307312011719,131.8000030517578,9.1899995803833,155.05984497070312,15427.9404296875,100.0
2022-10-28,183.9784698486328,61.27683639526367,121.80000305175781,8.720000267028809,144.69622802734375,14863.0595703125,100.0
2022-10-31,188.37635803222656,60.9791374206543,124.80000305175781,8.8100004196167,143.2156982421875,14687.01953125,100.0
2022-11-01,208.35012817382812,65.59349822998047,139.60000610351562,9.25,155.25726318359375,15455.26953125,100.0
2022-11-02,211.28204345703125,66.883544921875,146.6999969482422,9.359999656677246,159.5014190673828,15827.169921875,100.0
2022-11-03,202.85276794433594,62.51725387573242,141.5,9.119999885559082,150.51959228515625,15339.490234375,100.0
2022-11-04,218.61184692382812,69.3643798828125,149.5,9.699999809265137,169.37156677246094,16161.1396484375,100.0
2022-11-07,224.8422088623047,69.16590881347656,153.0,10.199999809265137,174.70143127441406,16595.91015625,100.0
2022-11-08,225.2086944580078,66.5858383178711,148.8000030517578,10.15999984741211,175.88583374023438,16557.310546875,100.0
2022-11-09,216.962646484375,65.4942626953125,144.3000030517578,10.079999923706055,169.8650665283203,16358.51953125,100.0
2022-11-10,212.01502990722656,62.51725387573242,141.89999389648438,9.859999656677246,163.64686584472656,16081.0400390625,100.0
2022-11-11,236.75315856933594,70.25749206542969,159.60000610351562,10.300000190734863,190.00013732910156,17325.66015625,100.0
2022-11-14,238.76889038085938,70.50557708740234,156.5,10.380000114440918,198.19235229492188,17619.7109375,100.0
2022-11-15,263.87353515625,78.29541778564453,166.39999389648438,10.899999618530273,214.57676696777344,18343.119140625,100.0
2022-11-16,269.73736572265625,78.1961898803711,162.3000030517578,10.5600004196167,210.03651428222656,18256.48046875,100.0
2022-11-17,267.5384216308594,77.65040588378906,153.0,10.300000190734863,207.66766357421875,18045.66015625,100.0
2022-11-18,263.6903076171875,79.33737182617188,160.39999389648438,10.300000190734863,215.16900634765625,17992.5390625,100.0
2022-11-21,259.4756164550781,75.56649017333984,152.5,10.020000457763672,203.91705322265625,17655.91015625,100.0
2022-11-22,254.1614990234375,72.53986358642578,139.89999389648438,9.869999885559082,195.03390502929688,17424.41015625,100.0
2022-11-23,258.3761291503906,74.8222427368164,138.39999389648438,9.800000190734863,201.54820251464844,17523.810546875,100.0
2022-11-24,256.9101867675781,75.81458282470703,138.89999389648438,9.449999809265137,197.40274047851562,17660.900390625,100.0
2022-11-25,250.13009643554688,74.17721557617188,136.60000610351562,9.489999771118164,196.11961364746094,17573.580078125,100.0
2022-11-28,247.3814239501953,71.6467514038086,139.39999389648438,9.34000015258789,187.63131713867188,17297.939453125,100.0
2022-11-29,261.8577880859375,78.14656829833984,155.39999389648438,9.970000267028809,208.0625,18204.6796875,100.0
2022-11-30,263.1405334472656,79.28775787353516,163.60000610351562,10.319999694824219,215.95860290527344,18597.23046875,100.0
2022-12-01,269.73736572265625,82.16554260253906,163.0,10.460000038146973,214.1819610595703,18736.439453125,100.0
2022-12-02,271.20330810546875,84.15020751953125,168.0,10.119999885559082,214.37937927246094,18675.349609375,100.0
2022-12-05,287.6954345703125,91.9400634765625,174.3000030517578,11.5,238.46250915527344,19518.2890625,100.0
2022-12-06,285.6797180175781,89.16151428222656,173.8000030517578,11.279999732971191,232.73782348632812,19441.1796875,100.0
2022-12-07,275.0514831542969,84.39830017089844,167.5,10.680000305175781,218.9196319580078,18814.8203125,100.0
2022-12-08,290.81060791015625,88.7149658203125,178.3000030517578,11.039999961853027,230.96121215820312,19450.23046875,100.0
2022-12-09,298.3236389160156,91.14618682861328,188.5,11.479999542236328,233.724853515625,19900.869140625,100.0
2022-12-12,290.9938049316406,87.67301177978516,175.39999389648438,11.180000305175781,227.01316833496094,19463.630859375,100.0
2022-12-13,291.726806640625,87.67301177978516,179.0,11.199999809265137,225.03912353515625,19596.19921875,100.0
2022-12-14,297.77392578125,88.81419372558594,182.8000030517578,11.239999771118164,225.03912353515625,19673.44921875,100.0
2022-12-15,290.9938049316406,85.24179077148438,176.8000030517578,10.979999542236328,218.7222442626953,19368.58984375,100.0
2022-12-16,290.2608642578125,85.78755950927734,175.89999389648438,10.979999542236328,222.0780792236328,19450.669921875,100.0
2022-12-19,293.5592956542969,86.38297271728516,178.8000030517578,10.779999732971191,221.28846740722656,19352.810546875,100.0
2022-12-20,283.48077392578125,83.40596771240234,175.5,10.5600004196167,217.53781127929688,19094.80078125,100.0
2022-12-21,284.9467468261719,83.80288696289062,174.1999969482422,10.5600004196167,216.156005859375,19160.490234375,100.0
2022-12-22,296.6744384765625,87.22645568847656,186.1999969482422,11.020000457763672,229.5793914794922,19679.220703125,100.0
2022-12-23,293.3760070800781,85.83718872070312,183.1999969482422,10.800000190734863,224.8417205810547,19593.060546875,100.0
2022-12-28,298.8734130859375,87.02798461914062,184.1999969482422,11.220000267028809,227.407958984375,19898.91015625,100.0
2022-12-29,307.1194763183594,84.89447021484375,183.8000030517578,10.859999656677246,215.16900634765625,19741.140625,100.0
2022-12-30,306.01995849609375,85.58910369873047,174.6999969482422,10.9399995803833,217.34039306640625,19781.41015625,100.0
2023-01-03,316.2817077636719,87.97071075439453,176.8000030517578,11.220000267028809,221.8806915283203,20145.2890625,100.0
2023-01-04,330.75811767578125,95.66133117675781,181.3000030517578,11.5,237.8702850341797,20793.109375,100.0
2023-01-05,335.5138854980469,98.83679962158203,190.8000030517578,11.619999885559082,244.1871795654297,21052.169921875,100.0
2023-01-06,337.057373046875,100.82147979736328,182.6999969482422,11.239999771118164,246.75341796875,20991.640625,100.0
2023-01-09,349.2122802734375,109.55404663085938,180.60000610351562,12.100000381469727,246.75341796875,21388.33984375,100.0
2023-01-10,349.59814453125,108.66093444824219,178.5,11.979999542236328,246.75341796875,21331.4609375,100.0
2023-01-11,360.5954284667969,112.03489685058594,174.0,11.739999771118164,243.39759826660156,21436.05078125,100.0
2023-01-12,351.1416320800781,109.95098876953125,173.0,11.779999732971191,244.1871795654297,21514.099609375,100.0
2023-01-13,358.28021240234375,111.83642578125,171.1999969482422,11.960000038146973,244.976806640625,21738.66015625,100.0
2023-01-16,357.1226501464844,112.53105163574219,165.60000610351562,11.880000114440918,240.6339569091797,21746.720703125,100.0
2023-01-17,360.5954284667969,113.62263488769531,164.8000030517578,11.720000267028809,236.4884796142578,21577.640625,100.0
2023-01-18,366.576416015625,113.22569274902344,163.60000610351562,11.899999618530273,232.343017578125,21678.0,100.0
2023-01-19,369.27752685546875,111.34025573730469,160.1999969482422,11.579999923706055,228.78977966308594,21650.98046875,100.0
2023-01-20,377.9595642089844,115.40884399414062,168.10000610351562,11.859999656677246,235.6988983154297,22044.650390625,100.0
2023-01-26,392.4296569824219,116.59964752197266,172.39999389648438,13.34000015258789,242.21316528320312,22566.779296875,100.0
2023-01-27,400.3400573730469,116.40117645263672,174.89999389648438,13.460000038146973,248.13523864746094,22688.900390625,100.0
2023-01-30,373.5220642089844,108.16477966308594,173.5,12.699999809265137,234.31704711914062,22069.73046875,100.0
2023-01-31,368.69873046875,106.77550506591797,174.60000610351562,12.920000076293945,228.59239196777344,21842.330078125,100.0
2023-02-01,371.3998107910156,109.15711212158203,180.10000610351562,13.5,234.90927124023438,22072.1796875,100.0
2023-02-02,369.470458984375,108.16477966308594,176.60000610351562,13.680000305175781,233.33004760742188,21958.359375,100.0
2023-02-03,371.3998107910156,105.28700256347656,172.8000030517578,13.479999542236328,227.80276489257812,21660.470703125,100.0
2023-02-06,363.4894714355469,102.40921783447266,164.10000610351562,12.819999694824219,219.70925903320312,21222.16015625,100.0
2023-02-07,366.576416015625,103.99696350097656,163.6999969482422,12.84000015258789,219.70925903320312,21298.69921875,100.0
2023-02-08,368.69873046875,102.70691680908203,153.10000610351562,12.460000038146973,216.3533935546875,21283.51953125,100.0
2023-02-09,381.6253662109375,106.77550506591797,153.5,13.520000457763672,221.68328857421875,21624.359375,100.0
2023-02-10,369.8563232421875,103.30231475830078,148.10000610351562,13.079999923706055,207.66766357421875,21190.419921875,100.0
2023-02-13,372.94329833984375,103.20309448242188,148.1999969482422,13.140000343322754,204.70664978027344,21164.419921875,100.0
2023-02-14,365.22589111328125,101.71458435058594,147.6999969482422,13.020000457763672,200.9559783935547,21113.759765625,100.0
2023-02-15,363.6824035644531,100.12684631347656,145.89999389648438,13.039999961853027,199.3767547607422,20812.169921875,100.0
2023-02-16,369.0845947265625,101.31763458251953,148.3000030517578,13.140000343322754,209.83912658691406,20987.669921875,100.0
2023-02-17,360.5954284667969,98.68795013427734,144.1999969482422,12.699999809265137,207.8651123046875,20719.810546875,100.0
2023-02-20,363.6824035644531,98.63833618164062,145.8000030517578,12.84000015258789,204.70664978027344,20886.9609375,100.0
2023-02-21,349.01934814453125,94.47051239013672,139.8000030517578,12.5600004196167,187.2364959716797,20529.490234375,100.0
2023-02-22,343.4242248535156,92.23776245117188,140.0,12.239999771118164,181.61053466796875,20423.83984375,100.0
2023-02-23,343.4242248535156,94.42091369628906,139.10000610351562,12.140000343322754,184.86767578125,20351.349609375,100.0
2023-02-24,337.057373046875,89.3599853515625,134.39999389648438,12.0,176.083251953125,20010.0390625,100.0
2023-02-27,337.057373046875,88.7149658203125,136.1999969482422,11.859999656677246,175.68844604492188,19943.509765625,100.0
2023-02-28,331.4622802734375,85.83718872070312,136.10000610351562,11.859999656677246,171.4442596435547,19785.939453125,100.0
2023-03-01,355.7720947265625,91.19580841064453,142.8000030517578,12.600000381469727,180.91961669921875,20619.7109375,100.0
2023-03-02,349.9840087890625,86.92875671386719,141.3000030517578,12.520000457763672,176.774169921875,20429.4609375,100.0
2023-03-03,354.61444091796875,87.32569122314453,142.3000030517578,12.619999885559082,182.30142211914062,20567.5390625,100.0
2023-03-06,350.1769714355469,86.58143615722656,142.89999389648438,12.5,184.86767578125,20603.189453125,100.0
2023-03-07,344.388916015625,87.92108917236328,137.89999389648438,12.520000457763672,183.97933959960938,20534.48046875,100.0
2023-03-08,337.2503356933594,85.09293365478516,131.89999389648438,12.0,175.98455810546875,20051.25,100.0
2023-03-09,328.182373046875,83.85250854492188,129.39999389648438,11.800000190734863,176.9715576171875,19925.740234375,100.0
2023-03-10,319.8861999511719,80.52818298339844,127.4000015258789,11.359999656677246,156.63906860351562,19319.919921875,100.0
2023-03-13,332.6198425292969,82.61209869384766,129.0,11.539999961853027,156.9351806640625,19695.970703125,100.0
2023-03-14,329.532958984375,79.38699340820312,125.4000015258789,11.0,153.48062133789062,19247.9609375,100.0
2023-03-15,332.4269714355469,81.4212875366211,126.69999694824219,10.920000076293945,157.13258361816406,19539.869140625,100.0
2023-03-16,324.1307373046875,79.88316345214844,126.30000305175781,10.899999618530273,152.9871368408203,19203.91015625,100.0
2023-03-17,327.4106140136719,80.87549591064453,130.39999389648438,11.34000015258789,152.5923309326172,19518.58984375,100.0
2023-03-20,322.9731140136719,78.59312438964844,128.89999389648438,11.020000457763672,148.4468536376953,19000.7109375,100.0
2023-03-21,331.4622802734375,79.88316345214844,130.10000610351562,11.199999809265137,148.15077209472656,19258.759765625,100.0
2023-03-22,334.93505859375,82.21514892578125,130.3000030517578,11.399999618530273,150.9143829345703,19591.4296875,100.0
2023-03-23,362.3318786621094,85.53948211669922,141.10000610351562,12.220000267028809,156.73777770996094,20049.640625,100.0
2023-03-24,363.4894714355469,84.6463851928711,140.1999969482422,12.4399995803833,156.73777770996094,19915.6796875,100.0
2023-03-27,349.9840087890625,84.59676361083984,131.39999389648438,12.0,151.2104949951172,19567.689453125,100.0
2023-03-28,364.84002685546875,83.60443115234375,134.60000610351562,12.140000343322754,154.07284545898438,19784.650390625,100.0
2023-03-29,371.20684814453125,93.82550811767578,140.0,12.100000381469727,157.03387451171875,20192.400390625,100.0
2023-03-30,371.3998107910156,96.15748596191406,142.0,12.140000343322754,161.0806427001953,20309.130859375,100.0
2023-03-31,372.1715087890625,99.63066864013672,143.5,12.100000381469727,169.766357421875,20400.109375,100.0
2023-04-03,374.48675537109375,97.79484558105469,140.0,12.15999984741211,167.4962158203125,20409.1796875,100.0
2023-04-04,371.3998107910156,94.91707611083984,133.89999389648438,11.979999542236328,162.16648864746094,20274.58984375,100.0
2023-04-06,371.7856750488281,97.0009765625,133.8000030517578,12.079999923706055,157.22239685058594,20331.19921875,100.0
2023-04-11,363.2965393066406,98.53910827636719,135.39999389648438,12.279999732971191,156.82687377929688,20485.240234375,100.0
2023-04-12,344.58184814453125,95.31401062011719,131.0,12.140000343322754,151.2894744873047,20309.859375,100.0
2023-04-13,350.3699035644531,93.4285659790039,130.89999389648438,12.180000305175781,148.22410583496094,20344.48046875,100.0
2023-04-14,352.4921875,93.77588653564453,129.5,12.220000267028809,146.04872131347656,20438.810546875,100.0
2023-04-17,357.89434814453125,94.66898345947266,135.60000610351562,12.65999984741211,147.72972106933594,20782.44921875,100.0
2023-04-18,352.4921875,94.07359313964844,135.3000030517578,12.4399995803833,146.8397674560547,20650.509765625,100.0
2023-04-19,344.58184814453125,91.54312896728516,135.60000610351562,11.899999618530273,142.58786010742188,20367.759765625,100.0
2023-04-20,344.388916015625,91.04695129394531,140.39999389648438,11.960000038146973,141.3023681640625,20396.970703125,100.0
2023-04-21,336.864501953125,87.27607727050781,137.6999969482422,11.539999961853027,138.13815307617188,20075.73046875,100.0
2023-04-24,332.8128356933594,86.23412322998047,137.60000610351562,11.380000114440918,136.85267639160156,19959.939453125,100.0
2023-04-25,326.4459533691406,83.45556640625,131.60000610351562,10.9399995803833,131.21641540527344,19617.880859375,100.0
2023-04-26,335.8998107910156,82.66170501708984,133.10000610351562,11.039999961853027,134.5784149169922,19757.26953125,100.0
2023-04-27,332.8128356933594,81.17320251464844,134.0,11.0600004196167,134.38064575195312,19840.279296875,100.0
2023-04-28,332.2340087890625,81.4212875366211,133.0,11.0600004196167,134.38064575195312,19894.5703125,100.0
2023-05-02,333.58453369140625,81.66936492919922,132.5,11.020000457763672,136.65493774414062,19933.810546875,100.0
2023-05-03,327.4106140136719,79.73431396484375,131.3000030517578,10.84000015258789,132.7985382080078,19699.16015625,100.0
2023-05-04,325.8671569824219,80.08162689208984,132.0,10.9399995803833,135.9627685546875,19948.73046875,100.0
2023-05-05,330.6905212402344,81.02435302734375,135.60000610351562,11.15999984741211,139.22586059570312,20049.310546875,100.0
2023-05-08,328.76116943359375,81.32205200195312,134.1999969482422,11.520000457763672,137.94039916992188,20297.029296875,100.0
2023-05-09,316.7992248535156,78.84120178222656,130.3000030517578,11.319999694824219,134.9739227294922,19867.580078125,100.0
2023-05-10,317.9568176269531,79.58545684814453,129.0,11.300000190734863,134.08399963378906,19762.19921875,100.0
2023-05-11,314.8698425292969,82.01668548583984,128.5,11.220000267028809,133.49070739746094,19743.7890625,100.0
2023-05-12,316.6063232421875,84.0013656616211,131.8000030517578,11.020000457763672,143.18113708496094,19627.240234375,100.0
2023-05-15,328.9540710449219,84.79522705078125,136.3000030517578,11.119999885559082,139.5225067138672,19971.130859375,100.0
2023-05-16,332.6198425292969,85.09293365478516,137.39999389648438,11.220000267028809,145.15878295898438,19978.25,100.0
2023-05-17,330.6905212402344,84.79522705078125,133.0,10.84000015258789,141.9945526123047,19560.5703125,100.0
2023-05-18,327.7964782714844,87.0776138305664,133.5,10.979999542236328,142.39007568359375,19727.25,100.0
2023-05-19,323.716064453125,81.8182144165039,128.60000610351562,10.859999656677246,135.6660919189453,19450.5703125,100.0
2023-05-22,330.5168151855469,82.95940399169922,132.60000610351562,10.960000038146973,138.53369140625,19678.169921875,100.0
2023-05-23,326.0477294921875,82.36400604248047,132.8000030517578,10.760000228881836,136.85267639160156,19431.25,100.0
2023-05-24,322.9388122558594,80.428955078125,130.39999389648438,10.399999618530273,133.787353515625,19115.9296875,100.0
2023-05-25,313.2234191894531,78.0473403930664,126.0,10.5,128.64549255371094,18746.919921875,100.0
2023-05-29,304.2853088378906,77.20384979248047,115.80000305175781,10.479999542236328,126.4700927734375,18551.109375,100.0
2023-05-30,307.1999206542969,78.1961898803711,116.4000015258789,10.5,128.54661560058594,18595.779296875,100.0
2023-05-31,301.75933837890625,77.30308532714844,110.19999694824219,10.34000015258789,124.49244689941406,18234.26953125,100.0
2023-06-01,306.4226989746094,76.70767974853516,112.80000305175781,10.260000228881836,128.54661560058594,18216.91015625,100.0
2023-06-02,324.6875915527344,81.86783599853516,121.5999984741211,10.739999771118164,136.9515838623047,18949.939453125,100.0
2023-06-05,328.5737609863281,82.11591339111328,121.5999984741211,10.920000076293945,136.85267639160156,19108.5,100.0
2023-06-06,321.7729797363281,81.71898651123047,121.80000305175781,10.859999656677246,139.81915283203125,19099.279296875,100.0
2023-06-07,326.0477294921875,83.40596771240234,123.5,11.0600004196167,142.58786010742188,19252.0,100.0
2023-06-08,325.2704772949219,82.71131896972656,124.4000015258789,10.880000114440918,143.08226013183594,19299.1796875,100.0
2023-06-09,326.43634033203125,83.25711059570312,127.0999984741211,10.84000015258789,143.37890625,19389.94921875,100.0
2023-06-12,328.7680358886719,83.35633850097656,127.5999984741211,10.65999984741211,142.1923370361328,19404.310546875,100.0
2023-06-13,334.98583984375,85.0433120727539,128.0,10.9399995803833,145.7520751953125,19521.419921875,100.0
2023-06-14,335.7630920410156,84.49752807617188,127.30000305175781,10.859999656677246,145.8509521484375,19408.419921875,100.0
2023-06-15,344.89556884765625,88.31803131103516,137.1999969482422,11.0600004196167,153.46485900878906,19828.919921875,100.0
2023-06-16,352.6678466796875,90.89810180664062,138.0,11.079999923706055,155.64027404785156,20040.369140625,100.0
2023-06-19,347.0329284667969,89.01265716552734,137.0,10.920000076293945,152.67381286621094,19912.890625,100.0
2023-06-20,340.0378723144531,87.67301177978516,132.3000030517578,10.600000381469727,148.02635192871094,19607.080078125,100.0
2023-06-21,330.71112060546875,84.05097198486328,127.5999984741211,10.279999732971191,141.0057373046875,19218.349609375,100.0
2023-06-23,327.40789794921875,83.40596771240234,124.69999694824219,9.989999771118164,138.53369140625,18889.970703125,100.0
2023-06-26,323.3274230957031,82.61209869384766,124.0,10.420000076293945,134.5784149169922,18794.130859375,100.0
2023-06-27,331.6826171875,84.79522705078125,126.19999694824219,10.600000381469727,138.13815307617188,19148.130859375,100.0
2023-06-28,326.63067626953125,83.70365905761719,127.0999984741211,10.84000015258789,136.4571533203125,19172.05078125,100.0
2023-06-29,324.10467529296875,81.57013702392578,124.69999694824219,10.859999656677246,131.4141845703125,18934.359375,100.0
2023-06-30,322.16162109375,80.57779693603516,122.30000305175781,10.720000267028809,130.91976928710938,18916.4296875,100.0
2023-07-03,328.3794250488281,82.9097900390625,126.4000015258789,10.979999542236328,136.75381469726562,19306.58984375,100.0
2023-07-04,329.5452880859375,83.35633850097656,127.5999984741211,11.119999885559082,140.61019897460938,19415.6796875,100.0
2023-07-05,325.8534240722656,82.01668548583984,124.5,11.119999885559082,137.1493377685547,19110.380859375,100.0
2023-07-06,317.4981994628906,80.87549591064453,120.5999984741211,11.140000343322754,133.98512268066406,18533.05078125,100.0
2023-07-07,317.30389404296875,83.65404510498047,119.0999984741211,10.800000190734863,133.19406127929688,18365.69921875,100.0
2023-07-10,319.4412841796875,86.3333511352539,121.0999984741211,10.65999984741211,135.46835327148438,18479.720703125,100.0
2023-07-11,324.2989501953125,88.0699462890625,122.0,10.880000114440918,137.94039916992188,18659.830078125,100.0
2023-07-12,330.322509765625,89.16151428222656,127.30000305175781,11.100000381469727,140.0169219970703,18860.94921875,100.0
2023-07-13,339.8435363769531,92.03929138183594,134.60000610351562,11.539999961853027,149.01516723632812,19350.619140625,100.0
2023-07-14,342.5638732910156,92.23776245117188,132.5,11.479999542236328,148.8174285888672,19413.779296875,100.0
2023-07-18,326.824951171875,89.01265716552734,129.10000610351562,11.199999809265137,141.89569091796875,19015.720703125,100.0
2023-07-19,323.5217590332031,89.65767669677734,127.69999694824219,11.15999984741211,141.20350646972656,18952.310546875,100.0
2023-07-20,323.3274230957031,88.81419372558594,126.69999694824219,11.0600004196167,141.3023681640625,18928.01953125,100.0
2023-07-21,323.5217590332031,90.60041046142578,128.1999969482422,11.279999732971191,143.57666015625,19075.259765625,100.0
2023-07-24,315.74945068359375,88.86381530761719,125.0,11.020000457763672,139.81915283203125,18668.150390625,100.0
2023-07-25,335.1802062988281,94.42091369628906,134.8000030517578,11.479999542236328,150.5972900390625,19434.400390625,100.0
2023-07-26,331.29400634765625,93.130859375,134.89999389648438,11.399999618530273,147.82859802246094,19365.140625,100.0
2023-07-27,334.0143127441406,94.71859741210938,136.60000610351562,12.039999961853027,149.60848999023438,19639.109375,100.0
2023-07-28,340.4264831542969,95.16515350341797,142.39999389648438,12.180000305175781,151.68499755859375,19916.560546875,100.0
2023-07-31,344.3126220703125,96.75289916992188,146.3000030517578,12.279999732971191,158.013427734375,20078.939453125,100.0
2023-08-01,343.92401123046875,97.10021209716797,145.5,12.15999984741211,156.43133544921875,20011.119140625,100.0
2023-08-02,333.6257019042969,94.42091369628906,140.6999969482422,11.960000038146973,150.99281311035156,19517.380859375,100.0
2023-08-03,332.4598693847656,92.43623352050781,140.1999969482422,12.0600004196167,148.61964416503906,19420.869140625,100.0
2023-08-04,333.6257019042969,94.42091369628906,144.0,12.220000267028809,153.26710510253906,19539.4609375,100.0
2023-08-07,331.4883728027344,94.8674545288086,144.6999969482422,12.319999694824219,153.46485900878906,19537.919921875,100.0
2023-08-08,325.2704772949219,92.33699798583984,140.10000610351562,12.0600004196167,146.7408905029297,19184.169921875,100.0
2023-08-09,327.6021728515625,93.37895202636719,140.89999389648438,12.140000343322754,147.43307495117188,19246.029296875,100.0
2023-08-10,330.128173828125,93.57742309570312,141.0,12.079999923706055,147.43307495117188,19248.259765625,100.0
2023-08-11,326.2420654296875,94.56975555419922,137.1999969482422,11.859999656677246,144.46661376953125,19075.189453125,100.0
2023-08-14,323.716064453125,92.08891296386719,135.39999389648438,11.779999732971191,142.58786010742188,18773.55078125,100.0
2023-08-15,323.13311767578125,90.50116729736328,133.89999389648438,11.859999656677246,140.61019897460938,18581.109375,100.0
2023-08-16,319.4412841796875,88.56611633300781,132.39999389648438,11.779999732971191,139.02810668945312,18329.30078125,100.0
2023-08-17,323.3274230957031,89.40959930419922,133.60000610351562,11.960000038146973,137.0504608154297,18326.630859375,100.0
2023-08-18,315.74945068359375,86.3333511352539,129.89999389648438,11.739999771118164,129.73318481445312,17950.849609375,100.0
2023-08-21,308.9486999511719,85.0433120727539,127.0,11.319999694824219,127.55779266357422,17623.2890625,100.0
2023-08-22,309.92022705078125,86.68067169189453,129.1999969482422,11.479999542236328,129.83206176757812,17791.009765625,100.0
2023-08-23,308.9486999511719,86.63105773925781,130.3000030517578,11.739999771118164,129.53543090820312,17845.919921875,100.0
2023-08-24,315.9437561035156,88.86381530761719,140.0,12.140000343322754,131.7108154296875,18212.169921875,100.0
2023-08-25,310.8917541503906,86.82952117919922,132.1999969482422,12.100000381469727,128.54661560058594,18119.390625,100.0
2023-08-28,315.9437561035156,88.21879577636719,134.6999969482422,12.199999809265137,129.6343231201172,18130.740234375,100.0
2023-08-29,320.0242004394531,90.2034683227539,137.3000030517578,12.380000114440918,132.3041229248047,18484.029296875,100.0
2023-08-30,316.52667236328125,89.65767669677734,134.1999969482422,12.460000038146973,130.3264923095703,18482.859375,100.0
2023-08-31,315.74945068359375,89.50883483886719,128.5,12.359999656677246,127.36002349853516,18382.060546875,100.0
2023-09-04,323.91033935546875,92.43623352050781,132.6999969482422,12.420000076293945,133.68846130371094,18844.16015625,100.0
2023-09-05,319.6355895996094,91.6423568725586,128.60000610351562,11.600000381469727,130.72201538085938,18456.91015625,100.0
2023-09-06,318.2754211425781,91.54312896728516,128.3000030517578,11.760000228881836,131.11753845214844,18449.98046875,100.0
2023-09-07,312.44622802734375,90.10424041748047,125.0,11.899999618530273,127.0633773803711,18202.0703125,100.0
2023-09-11,314.7779235839844,87.37531280517578,125.69999694824219,11.699999809265137,124.19579315185547,18096.44921875,100.0
2023-09-12,312.8348388671875,85.63871765136719,124.80000305175781,11.880000114440918,123.30586242675781,18025.890625,100.0
2023-09-13,311.0860900878906,84.89447021484375,123.0999984741211,11.920000076293945,122.31703186035156,18009.220703125,100.0
2023-09-14,310.69744873046875,85.24179077148438,123.0,12.239999771118164,122.61368560791016,18047.919921875,100.0
2023-09-15,308.17144775390625,85.58910369873047,124.30000305175781,12.220000267028809,123.20697021484375,18182.890625,100.0
2023-09-18,303.31378173828125,83.55480194091797,122.0,11.920000076293945,119.64722442626953,17930.55078125,100.0
2023-09-19,303.508056640625,84.15020751953125,121.69999694824219,11.9399995803833,118.26288604736328,17997.169921875,100.0
2023-09-20,300.3992004394531,83.85250854492188,119.19999694824219,11.800000190734863,116.68077087402344,17885.599609375,100.0
2023-09-21,294.37567138671875,82.01668548583984,116.30000305175781,11.680000305175781,115.39529418945312,17655.41015625,100.0
2023-09-22,304.6739196777344,85.24179077148438,120.80000305175781,12.0600004196167,118.9550552368164,18057.44921875,100.0
2023-09-25,295.73577880859375,83.70365905761719,117.19999694824219,11.84000015258789,114.10983276367188,17729.2890625,100.0
2023-09-26,291.4610290527344,83.30671691894531,116.30000305175781,11.65999984741211,111.04449462890625,17466.900390625,100.0
2023-09-27,293.40411376953125,83.85250854492188,114.80000305175781,11.84000015258789,112.1322021484375,17611.869140625,100.0
2023-09-28,288.9350280761719,82.36400604248047,110.80000305175781,11.720000267028809,109.85790252685547,17373.029296875,100.0
2023-09-29,297.48455810546875,84.94407653808594,114.5999984741211,12.34000015258789,113.81318664550781,17809.66015625,100.0
2023-10-03,292.0439453125,82.4632339477539,110.0,11.979999542236328,110.15455627441406,17331.220703125,100.0
2023-10-04,289.12933349609375,81.12358093261719,106.9000015258789,11.859999656677246,109.06684875488281,17195.83984375,100.0
2023-10-05,291.2666931152344,80.72664642333984,105.9000015258789,11.680000305175781,110.25342559814453,17213.869140625,100.0
2023-10-06,296.51300048828125,82.26477813720703,108.30000305175781,11.880000114440918,111.9344253540039,17485.98046875,100.0
2023-10-09,298.26177978515625,81.47089385986328,108.9000015258789,11.9399995803833,112.52772521972656,17517.400390625,100.0
2023-10-10,299.4276428222656,82.76094055175781,112.30000305175781,12.279999732971191,114.10983276367188,17664.73046875,100.0
2023-10-11,302.1479187011719,83.95173645019531,116.5,12.300000190734863,115.79082489013672,17893.099609375,100.0
2023-10-12,307.5885314941406,85.1921615600586,118.4000015258789,12.65999984741211,116.38410949707031,18238.2109375,100.0
2023-10-13,298.0674743652344,81.9670639038086,114.5999984741211,12.600000381469727,103.03504943847656,17813.44921875,100.0
2023-10-16,292.62689208984375,80.67703247070312,113.69999694824219,12.539999961853027,102.54064178466797,17640.359375,100.0
2023-10-17,293.598388671875,81.37167358398438,114.5,13.039999961853027,104.81492614746094,17773.33984375,100.0
2023-10-18,291.4610290527344,80.82587432861328,113.69999694824219,13.180000305175781,101.65070343017578,17732.51953125,100.0
2023-10-19,282.9115295410156,78.54350280761719,110.4000015258789,13.579999923706055,96.11329650878906,17295.890625,100.0
2023-10-20,280.77410888671875,77.89849090576172,107.80000305175781,13.300000190734863,95.5694580078125,17172.130859375,100.0
2023-10-24,274.9449157714844,76.60844421386719,107.5,12.960000038146973,92.85020446777344,16991.529296875,100.0
2023-10-25,279.6082763671875,78.6923599243164,109.5999984741211,13.199999809265137,95.5694580078125,17085.330078125,100.0
2023-10-26,279.4139709472656,79.13890838623047,109.80000305175781,13.359999656677246,97.00324249267578,17044.609375,100.0
2023-10-27,284.4659423828125,81.76860809326172,113.0,13.520000457763672,100.266357421875,17398.73046875,100.0
2023-10-30,286.9919738769531,81.22281646728516,114.0,14.319999694824219,100.16747283935547,17406.359375,100.0
2023-10-31,280.96844482421875,79.43660736083984,110.5999984741211,14.020000457763672,98.68424224853516,17112.48046875,100.0
2023-11-01,278.8310546875,78.99005126953125,109.0,14.220000267028809,97.64598846435547,17101.779296875,100.0
2023-11-02,280.385498046875,79.88316345214844,108.0,15.079999923706055,98.28871154785156,17230.58984375,100.0
2023-11-03,293.987060546875,82.21514892578125,111.0,15.239999771118164,101.94734954833984,17664.119140625,100.0
2023-11-06,303.702392578125,84.1998291015625,117.19999694824219,15.539999961853027,105.80374145507812,17966.58984375,100.0
2023-11-07,299.81622314453125,82.51285552978516,115.5,15.819999694824219,103.43058013916016,17670.16015625,100.0
2023-11-08,299.6219482421875,81.86783599853516,115.0,16.139999389648438,102.54064178466797,17568.4609375,100.0
2023-11-09,298.0674743652344,81.52051544189453,115.0,16.520000457763672,100.95852661132812,17511.2890625,100.0
2023-11-10,294.1813049316406,78.99005126953125,110.69999694824219,16.040000915527344,97.89318084716797,17203.259765625,100.0
2023-11-13,300.9820556640625,80.03201293945312,111.5999984741211,16.219999313354492,99.67305755615234,17426.2109375,100.0
2023-11-14,299.03900146484375,78.59312438964844,108.30000305175781,15.859999656677246,98.43704223632812,17396.859375,100.0
2023-11-15,313.4177551269531,82.56246948242188,113.30000305175781,16.799999237060547,104.71604919433594,18079.0,100.0
2023-11-16,315.55511474609375,80.72664642333984,111.69999694824219,15.699999809265137,106.79256439208984,17832.8203125,100.0
2023-11-17,306.2283935546875,72.68871307373047,107.30000305175781,15.9399995803833,104.22163391113281,17454.189453125,100.0
2023-11-20,317.30389404296875,73.8795166015625,109.0,16.18000030517578,107.38585662841797,17778.0703125,100.0
2023-11-21,315.55511474609375,75.41764831542969,110.5,15.380000114440918,109.56126403808594,17733.890625,100.0
2023-11-22,315.1665344238281,76.2611312866211,111.4000015258789,15.119999885559082,108.96797180175781,17734.599609375,100.0
2023-11-23,319.8299255371094,76.65806579589844,112.19999694824219,15.4399995803833,111.34113311767578,17910.83984375,100.0
2023-11-24,312.0576171875,75.6161117553711,109.0999984741211,15.0,109.26461029052734,17559.419921875,100.0
2023-11-27,313.6120300292969,75.51687622070312,108.5999984741211,15.140000343322754,109.46237182617188,17525.060546875,100.0
2023-11-28,310.503173828125,73.78028869628906,103.0,15.520000457763672,107.0892105102539,17354.140625,100.0
2023-11-29,307.9771423339844,72.14292907714844,90.44999694824219,15.479999542236328,105.40821075439453,16993.439453125,100.0
2023-11-30,317.6925048828125,72.19255065917969,90.5999984741211,15.619999885559082,105.50709533691406,17042.880859375,100.0
2023-12-01,309.92022705078125,71.29943084716797,87.9000015258789,15.15999984741211,104.6171646118164,16830.30078125,100.0
2023-12-04,307.7828369140625,70.25749206542969,86.44999694824219,15.220000267028809,102.63951873779297,16646.05078125,100.0
2023-12-05,300.01055908203125,69.95978546142578,84.6500015258789,14.779999732971191,100.95852661132812,16327.8603515625,100.0
2023-12-06,302.7308654785156,69.61246490478516,86.4000015258789,14.880000114440918,102.24398803710938,16463.259765625,100.0
2023-12-07,299.03900146484375,69.16590881347656,86.0999984741211,14.680000305175781,102.83728790283203,16345.8896484375,100.0
2023-12-08,296.901611328125,69.95978546142578,86.6500015258789,14.619999885559082,103.62834167480469,16334.3701171875,100.0
2023-12-11,298.45611572265625,68.2728271484375,83.5,14.5600004196167,97.15157318115234,16201.490234375,100.0
2023-12-12,302.5365295410156,69.56285858154297,84.5999984741211,15.15999984741211,99.17865753173828,16374.5,100.0
2023-12-13,298.26177978515625,68.86821746826172,82.19999694824219,15.539999961853027,96.80548095703125,16228.75,100.0
2023-12-14,297.6788635253906,68.57051086425781,81.75,15.960000038146973,97.69541931152344,16402.189453125,100.0
2023-12-15,305.4511413574219,71.1009750366211,84.94999694824219,15.979999542236328,104.51828002929688,16792.189453125,100.0
2023-12-18,302.7308654785156,71.54752349853516,83.1500015258789,15.899999618530273,104.32051849365234,16629.23046875,100.0
2023-12-19,302.9251403808594,71.1009750366211,78.44999694824219,16.139999389648438,101.55181884765625,16505.0,100.0
2023-12-20,305.2568664550781,72.11990356445312,78.80000305175781,16.1200008392334,104.91381072998047,16613.810546875,100.0
2023-12-21,303.702392578125,72.91515350341797,79.69999694824219,15.960000038146973,104.12275695800781,16621.130859375,100.0
2023-12-22,266.2010803222656,71.4240493774414,76.5999984741211,15.680000305175781,104.6171646118164,16340.41015625,100.0
2023-12-27,276.8879699707031,73.36248779296875,78.30000305175781,16.31999969482422,106.00151062011719,16624.83984375,100.0
2023-12-28,284.6602783203125,75.40032958984375,82.3499984741211,16.280000686645508,111.34113311767578,17043.529296875,100.0
2023-12-29,285.2431945800781,75.15181732177734,81.9000015258789,15.600000381469727,111.24225616455078,17047.390625,100.0
2024-01-02,288.1578063964844,74.25714874267578,79.4000015258789,15.479999542236328,108.57244110107422,16788.55078125,100.0
2024-01-03,292.0439453125,72.8654556274414,78.0,14.979999542236328,105.11157989501953,16646.41015625,100.0
2024-01-04,290.2951965332031,73.61100006103516,77.5,15.079999923706055,105.80374145507812,16645.98046875,100.0
2024-01-05,283.8830261230469,71.22523498535156,77.75,14.9399995803833,104.12275695800781,16535.330078125,100.0
2024-01-08,279.8025817871094,69.93292999267578,73.94999694824219,14.359999656677246,100.06858825683594,16224.4501953125,100.0
2024-01-09,275.52783203125,69.33649444580078,70.55000305175781,14.34000015258789,96.90436553955078,16190.01953125,100.0
2024-01-10,272.224609375,68.88916778564453,71.75,14.100000381469727,97.10212707519531,16097.2802734375,100.0
2024-01-11,279.21966552734375,70.42997741699219,75.5999984741211,14.479999542236328,98.78312683105469,16302.0400390625,100.0
2024-01-12,280.1911926269531,70.13175201416016,75.25,14.300000190734863,97.20101165771484,16244.580078125,100.0
2024-01-15,281.1627197265625,69.58501434326172,75.0999984741211,14.239999771118164,96.85491943359375,16216.330078125,100.0
2024-01-16,274.3619689941406,67.99449920654297,73.9000015258789,13.819999694824219,92.35578918457031,15865.919921875,100.0
2024-01-17,266.78399658203125,65.26080322265625,68.75,13.140000343322754,86.76895904541016,15276.900390625,100.0
2024-01-18,269.6986083984375,66.25487518310547,69.80000305175781,13.319999694824219,85.33516693115234,15391.7900390625,100.0
2024-01-19,263.48077392578125,65.1613998413086,68.6500015258789,13.180000305175781,83.2092056274414,15308.6904296875,100.0
2024-01-22,254.7369384765625,65.0619888305664,65.4000015258789,12.979999542236328,81.57765197753906,14961.1796875,100.0
2024-01-23,264.25799560546875,67.24894714355469,66.30000305175781,13.220000267028809,85.38461303710938,15353.98046875,100.0
2024-01-24,273.7790222167969,72.16959381103516,70.30000305175781,13.699999809265137,89.38933563232422,15899.8701171875,100.0
2024-01-25,282.52288818359375,72.91515350341797,69.4000015258789,13.739999771118164,92.45467376708984,16211.9599609375,100.0
2024-01-26,274.7505798339844,70.47968292236328,66.69999694824219,13.199999809265137,90.3287124633789,15952.23046875,100.0
2024-01-29,273.973388671875,72.16959381103516,67.30000305175781,13.300000190734863,92.30635070800781,16077.240234375,100.0
2024-01-30,266.0067443847656,70.72819519042969,65.4000015258789,12.899999618530273,88.54884338378906,15703.4501953125,100.0
2024-01-31,262.8978576660156,69.13768005371094,62.54999923706055,12.319999694824219,85.82958221435547,15485.0703125,100.0
2024-02-01,263.869384765625,70.62879180908203,64.0999984741211,12.380000114440918,86.5217514038086,15566.2099609375,100.0
2024-02-02,271.4473571777344,70.2808609008789,63.25,12.199999809265137,85.03852844238281,15533.5595703125,100.0
2024-02-05,271.6416931152344,70.23116302490234,65.05000305175781,12.119999885559082,85.08797454833984,15510.009765625,100.0
2024-02-06,282.52288818359375,75.5494384765625,69.25,12.899999618530273,91.71306610107422,16136.8701171875,100.0
2024-02-07,283.8830261230469,74.45597076416016,68.25,12.699999809265137,89.33988952636719,16081.8896484375,100.0
2024-02-08,279.0253601074219,69.88323974609375,68.1500015258789,12.619999885559082,87.01616668701172,15878.0703125,100.0
2024-02-09,279.0253601074219,68.88916778564453,67.69999694824219,12.460000038146973,85.33516693115234,15746.580078125,100.0
2024-02-14,281.74566650390625,70.3802719116211,71.0999984741211,12.5600004196167,88.1038589477539,15879.3798828125,100.0
2024-02-15,277.276611328125,70.87730407714844,71.3499984741211,12.720000267028809,90.22982788085938,15944.6298828125,100.0
2024-02-16,283.494384765625,72.56723022460938,74.6500015258789,13.420000076293945,94.67952728271484,16339.9599609375,100.0
2024-02-19,276.69366455078125,71.07611846923828,72.75,12.920000076293945,90.8231201171875,16155.6103515625,100.0
2024-02-20,276.1107482910156,71.7222671508789,73.4000015258789,12.979999542236328,90.67479705810547,16247.509765625,100.0
2024-02-21,280.5798034667969,72.46782684326172,77.0,13.359999656677246,93.14683532714844,16503.099609375,100.0
2024-02-22,283.10577392578125,74.40625762939453,79.75,13.399999618530273,94.28398895263672,16742.94921875,100.0
2024-02-23,282.52288818359375,74.10803985595703,81.5,13.220000267028809,92.7018814086914,16725.859375,100.0
2024-02-26,279.0253601074219,73.71041870117188,81.1500015258789,13.100000381469727,92.00970458984375,16634.740234375,100.0
2024-02-27,276.4993591308594,75.05240631103516,81.6500015258789,13.479999542236328,92.7018814086914,16790.80078125,100.0
2024-02-28,269.1156921386719,73.809814453125,78.3499984741211,13.079999923706055,90.18038177490234,16536.849609375,100.0
2024-02-29,269.30999755859375,72.46782684326172,79.80000305175781,13.220000267028809,88.05442810058594,16511.439453125,100.0
2024-03-01,269.5043029785156,72.61693572998047,88.4000015258789,13.319999694824219,89.53765869140625,16589.439453125,100.0
2024-03-04,268.33843994140625,71.67256164550781,91.5,13.34000015258789,88.4993896484375,16595.970703125,100.0
2024-03-05,260.566162109375,69.28678894042969,86.3499984741211,12.760000228881836,81.8248519897461,16162.6396484375,100.0
2024-03-06,266.78399658203125,71.4240493774414,88.69999694824219,13.039999961853027,88.20275115966797,16438.08984375,100.0
2024-03-07,263.2864685058594,70.2808609008789,85.4000015258789,12.800000190734863,93.49293518066406,16229.7802734375,100.0
2024-03-08,262.3149108886719,70.82760620117188,84.69999694824219,13.079999923706055,91.56474304199219,16353.3896484375,100.0
2024-03-11,270.670166015625,72.36841583251953,89.19999694824219,13.399999618530273,97.44822692871094,16587.5703125,100.0
2024-03-12,282.52288818359375,74.40625762939453,93.4000015258789,14.920000076293945,105.11157989501953,17093.5,100.0
2024-03-13,282.3285827636719,73.5613021850586,94.3499984741211,14.920000076293945,105.11157989501953,17082.109375,100.0
2024-03-14,280.96844482421875,73.01455688476562,92.9000015258789,14.760000228881836,105.21044921875,16961.66015625,100.0
2024-03-15,275.72210693359375,71.4737548828125,89.4000015258789,14.539999961853027,103.33169555664062,16720.890625,100.0
2024-03-18,281.55133056640625,71.57315063476562,90.4000015258789,14.9399995803833,106.10038757324219,16737.119140625,100.0
2024-03-19,276.8879699707031,70.67849731445312,89.19999694824219,14.859999656677246,105.40821075439453,16529.48046875,100.0
2024-03-20,280.5798034667969,70.82760620117188,88.80000305175781,14.5,105.70486450195312,16543.0703125,100.0
2024-03-21,282.9115295410156,72.11990356445312,92.30000305175781,14.760000228881836,108.17691040039062,16863.099609375,100.0
2024-03-22,280.5798034667969,70.5790786743164,88.25,14.800000190734863,102.4417495727539,16499.470703125,100.0
2024-03-25,280.385498046875,69.88323974609375,93.30000305175781,14.819999694824219,102.1451187133789,16473.640625,100.0
2024-03-26,290.8780822753906,69.88323974609375,93.4000015258789,15.300000190734863,103.52945709228516,16618.3203125,100.0
2024-03-27,293.40411376953125,68.39213562011719,91.0999984741211,14.760000228881836,101.05740356445312,16392.83984375,100.0
2024-03-28,295.1528625488281,69.83353424072266,96.80000305175781,14.9399995803833,106.69367980957031,16541.419921875,100.0
2024-04-02,300.3992004394531,70.5790786743164,101.4000015258789,16.280000686645508,107.48473358154297,16931.51953125,100.0
2024-04-03,299.6219482421875,69.93292999267578,98.94999694824219,15.5600004196167,103.594970703125,16725.099609375,100.0
2024-04-05,301.1763916015625,69.63471984863281,100.4000015258789,15.539999961853027,102.10653686523438,16723.919921875,100.0
2024-04-08,296.70733642578125,69.9826431274414,99.4000015258789,15.5,101.51116943359375,16732.849609375,100.0
2024-04-09,296.3187255859375,70.08204650878906,99.69999694824219,15.979999542236328,100.81655883789062,16828.0703125,100.0
2024-04-10,305.2568664550781,73.5115966796875,103.80000305175781,16.0,105.57954406738281,17139.169921875,100.0
2024-04-11,306.0340881347656,73.7601089477539,104.5,16.079999923706055,104.98417663574219,17095.029296875,100.0
2024-04-12,300.7878112792969,71.22523498535156,102.0999984741211,16.5,101.61038970947266,16721.689453125,100.0
2024-04-15,295.73577880859375,69.9826431274414,101.5999984741211,16.520000457763672,100.41963958740234,16600.4609375,100.0
2024-04-16,293.2097473144531,68.04419708251953,98.69999694824219,15.920000076293945,98.08776092529297,16248.9697265625,100.0
2024-04-17,292.2382507324219,67.59687042236328,97.55000305175781,16.280000686645508,97.98854064941406,16251.83984375,100.0
2024-04-18,295.73577880859375,67.49746704101562,97.75,16.3799991607666,97.29393768310547,16385.869140625,100.0
2024-04-19,295.1528625488281,66.30457305908203,95.30000305175781,15.800000190734863,96.54972076416016,16224.1396484375,100.0
2024-04-22,311.2803649902344,68.04419708251953,100.5999984741211,15.819999694824219,99.72504425048828,16511.689453125,100.0
2024-04-23,322.9388122558594,69.38619995117188,108.5999984741211,16.18000030517578,105.77799987792969,16828.9296875,100.0
2024-04-24,334.4029846191406,72.07019805908203,113.5999984741211,16.65999984741211,110.342529296875,17201.26953125,100.0
2024-04-25,329.73956298828125,72.56723022460938,111.5,16.600000381469727,110.44176483154297,17284.5390625,100.0
2024-04-26,338.4834289550781,74.85359954833984,115.5999984741211,17.360000610351562,116.79240417480469,17651.150390625,100.0
2024-04-29,337.7061462402344,73.90922546386719,111.4000015258789,17.420000076293945,117.09010314941406,17746.91015625,100.0
2024-04-30,337.3175354003906,73.90922546386719,109.5,17.31999969482422,113.91477966308594,17763.029296875,100.0
2024-05-02,350.141845703125,75.64884948730469,119.0999984741211,17.639999389648438,119.47158813476562,18207.130859375,100.0
2024-05-03,354.0279846191406,78.73046875,119.69999694824219,18.18000030517578,126.02069854736328,18475.919921875,100.0
2024-05-06,359.6629333496094,79.02869415283203,120.30000305175781,18.100000381469727,126.516845703125,18578.30078125,100.0
2024-05-07,355.38812255859375,77.58729553222656,115.5,17.940000534057617,123.83766174316406,18479.369140625,100.0
2024-05-08,351.1133728027344,75.69855499267578,113.5,19.100000381469727,123.44074249267578,18313.859375,100.0
2024-05-09,359.2742919921875,76.3447036743164,117.9000015258789,19.15999984741211,124.73072052001953,18537.810546875,100.0
2024-05-10,360.44012451171875,77.48788452148438,118.5999984741211,19.399999618530273,125.623779296875,18963.6796875,100.0
2024-05-13,367.4352111816406,80.66890716552734,122.30000305175781,19.360000610351562,128.30296325683594,19115.060546875,100.0
2024-05-14,370.9327087402344,82.16002655029297,121.9000015258789,19.979999542236328,128.10450744628906,19073.7109375,100.0
2024-05-16,385.7001037597656,79.22750091552734,125.5999984741211,19.81999969482422,131.37905883789062,19376.529296875,100.0
2024-05-17,387.0719909667969,85.19194030761719,125.0,19.940000534057617,133.06594848632812,19553.609375,100.0
2024-05-20,387.0719909667969,84.84400939941406,124.0,19.8799991607666,135.74513244628906,19636.220703125,100.0
2024-05-21,375.90081787109375,83.89964294433594,121.4000015258789,19.299999237060547,130.98214721679688,19220.619140625,100.0
2024-05-22,376.68475341796875,82.50794219970703,120.5999984741211,19.440000534057617,128.00527954101562,19195.599609375,100.0
2024-05-23,374.13690185546875,78.1837387084961,119.5,18.940000534057617,122.74613952636719,18868.7109375,100.0
2024-05-24,369.4332580566406,77.68670654296875,116.30000305175781,18.299999237060547,118.67776489257812,18608.939453125,100.0
2024-05-27,369.8252258300781,78.7801742553711,118.69999694824219,18.440000534057617,117.8839340209961,18827.349609375,100.0
2024-05-28,372.5690612792969,79.0783920288086,119.0,18.139999389648438,117.38778686523438,18821.16015625,100.0
2024-05-29,363.5537109375,76.3447036743164,112.69999694824219,17.780000686645508,113.61708068847656,18477.009765625,100.0
2024-05-30,360.6139221191406,75.84766387939453,108.9000015258789,17.700000762939453,112.52557373046875,18230.189453125,100.0
2024-05-31,352.5784606933594,74.45597076416016,105.0999984741211,17.479999542236328,113.02171325683594,18079.609375,100.0
2024-06-03,367.4734191894531,76.19558715820312,109.0,17.899999618530273,115.89935302734375,18403.0390625,100.0
2024-06-04,369.8252258300781,75.94707489013672,113.5,17.780000686645508,116.2962646484375,18444.109375,100.0
2024-06-05,373.156982421875,76.49380493164062,112.5999984741211,17.700000762939453,118.47930908203125,18424.9609375,100.0
2024-06-06,373.9409484863281,76.64291381835938,112.69999694824219,17.959999084472656,116.4947280883789,18476.80078125,100.0
2024-06-07,367.2774353027344,76.64291381835938,110.4000015258789,17.6200008392334,114.80783081054688,18366.94921875,100.0
2024-06-11,366.2974853515625,75.99676513671875,115.30000305175781,17.31999969482422,114.80783081054688,18176.33984375,100.0
2024-06-12,363.3576965332031,73.91101837158203,112.5999984741211,17.139999389648438,112.9224853515625,17937.83984375,100.0
2024-06-13,372.17706298828125,74.25989532470703,116.69999694824219,17.559999465942383,115.10552215576172,18112.630859375,100.0
2024-06-14,372.17706298828125,72.56537628173828,114.69999694824219,17.299999237060547,113.02171325683594,17941.779296875,100.0
2024-06-17,373.5489807128906,72.2663345336914,116.80000305175781,17.31999969482422,112.22787475585938,17936.119140625,100.0
2024-06-18,369.4332580566406,71.86763000488281,115.0,17.3799991607666,112.02942657470703,17915.55078125,100.0
2024-06-19,381.1924133300781,73.96086120605469,121.4000015258789,18.479999542236328,114.31169128417969,18430.390625,100.0
2024-06-20,379.8205261230469,73.16343688964844,119.9000015258789,18.520000457763672,111.53327941894531,18335.3203125,100.0
2024-06-21,373.7449645996094,71.7679443359375,116.19999694824219,18.18000030517578,108.6556396484375,18028.51953125,100.0
2024-06-24,372.7650146484375,71.81779479980469,115.4000015258789,18.020000457763672,109.25100708007812,18027.7109375,100.0
2024-06-25,374.3329162597656,72.41585540771484,116.80000305175781,17.780000686645508,108.55641174316406,18072.900390625,100.0
2024-06-26,374.3329162597656,72.6152114868164,117.0,17.81999969482422,107.06797790527344,18089.9296875,100.0
2024-06-27,366.8854675292969,71.31939697265625,113.69999694824219,16.540000915527344,104.68648529052734,17716.470703125,100.0
2024-06-28,364.9255676269531,70.27278137207031,111.0999984741211,16.479999542236328,102.50345611572266,17718.609375,100.0
2024-07-02,361.7898254394531,70.22294616699219,112.19999694824219,16.65999984741211,100.41963958740234,17769.140625,100.0
2024-07-03,371.78509521484375,71.96730041503906,117.0999984741211,16.899999618530273,102.50345611572266,17978.5703125,100.0
2024-07-04,374.7248840332031,72.91424560546875,119.69999694824219,16.84000015258789,102.60267639160156,18028.279296875,100.0
2024-07-05,372.17706298828125,72.66505432128906,119.0999984741211,16.6200008392334,101.90807342529297,17799.609375,100.0
2024-07-08,371.00115966796875,71.568603515625,117.0,16.459999084472656,102.20576477050781,17524.060546875,100.0
2024-07-09,373.3529968261719,72.2663345336914,114.69999694824219,16.399999618530273,101.41192626953125,17523.23046875,100.0
2024-07-10,370.021240234375,72.8644027709961,114.9000015258789,16.1200008392334,103.09883117675781,17471.669921875,100.0
2024-07-11,377.07672119140625,75.20683288574219,116.0999984741211,16.68000030517578,105.9764633178711,17832.330078125,100.0
2024-07-12,389.0318603515625,78.14732360839844,121.80000305175781,16.84000015258789,111.13636779785156,18293.380859375,100.0
2024-07-15,382.36834716796875,76.40296936035156,119.0999984741211,16.459999084472656,105.87722778320312,18015.939453125,100.0
2024-07-16,370.4132080078125,75.25666809082031,117.5,16.34000015258789,103.69419860839844,17727.98046875,100.0
2024-07-17,364.337646484375,76.05409240722656,119.0999984741211,16.780000686645508,105.87722778320312,17739.41015625,100.0
2024-07-18,361.7898254394531,75.55570220947266,119.4000015258789,16.84000015258789,105.3810806274414,17778.41015625,100.0
2024-07-19,356.6941833496094,73.5621566772461,117.5,16.520000457763672,101.90807342529297,17417.6796875,100.0
2024-07-22,365.70953369140625,74.50908660888672,121.30000305175781,17.219999313354492,103.29727935791016,17635.880859375,100.0
2024-07-23,358.85003662109375,73.8611831665039,118.0999984741211,16.959999084472656,101.80884552001953,17469.359375,100.0
2024-07-24,355.9102478027344,73.96086120605469,113.30000305175781,16.540000915527344,99.82426452636719,17311.05078125,100.0
2024-07-25,344.151123046875,73.06376647949219,107.0999984741211,16.200000762939453,98.5343017578125,17021.91015625,100.0
2024-07-26,347.286865234375,72.8644027709961,107.5999984741211,16.360000610351562,101.51116943359375,17021.310546875,100.0
2024-07-29,351.0106201171875,76.30328369140625,108.4000015258789,16.81999969482422,102.9003677368164,17238.33984375,100.0
2024-07-30,346.5029296875,75.95441436767578,106.4000015258789,16.31999969482422,101.41192626953125,17002.91015625,100.0
2024-07-31,354.9303283691406,77.05086517333984,109.30000305175781,16.84000015258789,103.19805145263672,17344.599609375,100.0
2024-08-01,358.2620849609375,77.2502212524414,109.19999694824219,16.68000030517578,99.17927551269531,17304.9609375,100.0
2024-08-02,351.0106201171875,75.10714721679688,104.0,16.079999923706055,97.6412353515625,16945.509765625,100.0
2024-08-05,349.4427185058594,73.96086120605469,106.80000305175781,15.859999656677246,96.2024154663086,16698.359375,100.0
2024-08-06,347.286865234375,75.00747680664062,105.5999984741211,15.819999694824219,96.9466323852539,16647.33984375,100.0
2024-08-07,356.1062316894531,76.25344848632812,106.0,15.899999618530273,98.98081970214844,16877.859375,100.0
2024-08-08,360.8099060058594,76.30328369140625,104.5999984741211,15.84000015258789,98.08776092529297,16891.830078125,100.0
2024-08-09,362.5737609863281,77.5990982055664,106.19999694824219,16.399999618530273,99.4273452758789,17090.23046875,100.0
2024-08-12,367.4734191894531,78.19715881347656,104.0,16.459999084472656,99.328125,17111.650390625,100.0
2024-08-13,371.00115966796875,78.39652252197266,103.4000015258789,16.899999618530273,100.0227279663086,17174.060546875,100.0
2024-08-14,366.2974853515625,78.04765319824219,102.0999984741211,16.860000610351562,100.0227279663086,17113.359375,100.0
2024-08-15,361.0058898925781,76.15377044677734,102.4000015258789,17.219999313354492,98.58390808105469,17109.140625,100.0
2024-08-16,365.12158203125,79.84184265136719,107.69999694824219,17.31999969482422,107.36566162109375,17430.16015625,100.0
2024-08-19,365.12158203125,81.18749237060547,108.69999694824219,17.6200008392334,111.53327941894531,17569.5703125,100.0
2024-08-20,362.9657287597656,80.14087677001953,108.0999984741211,17.68000030517578,111.3348159790039,17511.080078125,100.0
2024-08-21,364.14166259765625,79.69232940673828,107.69999694824219,17.520000457763672,101.61038970947266,17391.009765625,100.0
2024-08-22,370.21722412109375,81.38685607910156,109.0,19.100000381469727,105.18263244628906,17641.0,100.0
2024-08-23,368.0613708496094,82.38362884521484,107.5,18.81999969482422,105.08340454101562,17612.099609375,100.0
2024-08-26,374.3329162597656,83.03153991699219,109.0,18.719999313354492,104.78571319580078,17798.73046875,100.0
2024-08-27,374.13690185546875,79.69232940673828,106.19999694824219,18.8799991607666,100.91578674316406,17874.669921875,100.0
2024-08-28,366.6894836425781,78.8450698852539,102.80000305175781,18.959999084472656,102.70191192626953,17692.44921875,100.0
2024-08-29,370.021240234375,78.79523468017578,115.69999694824219,18.8799991607666,102.70191192626953,17786.3203125,100.0
2024-08-30,374.3329162597656,81.18749237060547,118.19999694824219,19.5,106.37337493896484,17989.0703125,100.0
2024-09-02,370.21722412109375,79.24378204345703,116.30000305175781,19.059999465942383,104.2895736694336,17691.970703125,100.0
2024-09-03,370.6092224121094,79.84184265136719,118.9000015258789,19.18000030517578,104.09111785888672,17651.490234375,100.0
2024-09-04,365.3175354003906,79.84184265136719,119.19999694824219,18.65999984741211,104.98417663574219,17457.33984375,100.0
2024-09-05,365.905517578125,79.54281616210938,119.30000305175781,18.540000915527344,103.49574279785156,17444.30078125,100.0
2024-09-09,363.74969482421875,78.04765319824219,118.5999984741211,18.6200008392334,100.41963958740234,17196.9609375,100.0
2024-09-10,361.20184326171875,81.33700561523438,118.9000015258789,18.65999984741211,101.61038970947266,17234.08984375,100.0
2024-09-11,362.769775390625,81.18749237060547,119.4000015258789,18.959999084472656,101.11425018310547,17108.7109375,100.0
2024-09-12,365.12158203125,82.93184661865234,122.30000305175781,18.920000076293945,103.594970703125,17240.390625,100.0
2024-09-13,367.2774353027344,82.4832992553711,123.0,19.219999313354492,103.49574279785156,17369.08984375,100.0
2024-09-16,370.21722412109375,81.7357177734375,126.5,19.239999771118164,102.60267639160156,17422.119140625,100.0
2024-09-17,372.373046875,82.5829849243164,128.60000610351562,19.520000457763672,103.49574279785156,17660.01953125,100.0
2024-09-19,380.99639892578125,85.42379760742188,133.8000030517578,19.799999237060547,110.93791198730469,18013.16015625,100.0
2024-09-20,380.8004455566406,86.91896057128906,135.89999389648438,19.8799991607666,111.73173522949219,18258.5703125,100.0
2024-09-23,379.8205261230469,86.47041320800781,132.8000030517578,20.549999237060547,112.22787475585938,18247.109375,100.0
2024-09-24,394.1274719238281,91.7034912109375,139.8000030517578,21.200000762939453,123.63919830322266,19000.560546875,100.0
2024-09-25,397.26324462890625,91.00575256347656,141.3000030517578,20.549999237060547,124.82994842529297,19129.099609375,100.0
2024-09-26,421.3695068359375,97.4349594116211,152.1999969482422,21.5,137.43202209472656,19924.580078125,100.0
2024-09-27,429.0129699707031,102.1696548461914,164.60000610351562,21.950000762939453,150.8279266357422,20632.30078125,100.0
2024-09-30,435.67645263671875,109.64547729492188,172.0,22.5,165.81149291992188,21133.6796875,100.0
2024-10-02,460.5666809082031,114.72904205322266,197.1999969482422,24.0,183.67269897460938,22443.73046875,100.0
2024-10-03,456.84295654296875,109.64547729492188,205.0,24.049999237060547,169.08602905273438,22113.509765625,100.0
2024-10-04,468.0141296386719,113.53291320800781,213.39999389648438,24.549999237060547,181.3904266357422,22736.869140625,100.0
2024-10-07,468.7980651855469,114.23065185546875,213.1999969482422,25.850000381469727,183.67269897460938,23099.779296875,100.0
2024-10-08,429.7969055175781,104.1632080078125,180.1999969482422,23.700000762939453,161.7430877685547,20926.7890625,100.0
2024-10-09,425.4852294921875,102.568359375,184.39999389648438,23.299999237060547,160.35389709472656,20637.240234375,100.0
2024-10-10,429.99285888671875,105.45901489257812,193.6999969482422,23.75,165.81149291992188,21251.98046875,100.0
2024-10-14,427.24908447265625,104.86094665527344,183.60000610351562,23.600000381469727,167.39913940429688,21092.869140625,100.0
2024-10-15,408.63043212890625,99.5281982421875,170.8000030517578,23.0,159.16314697265625,20318.7890625,100.0
2024-10-16,407.4544982910156,98.63108825683594,173.1999969482422,22.700000762939453,154.2017059326172,20286.849609375,100.0
2024-10-17,404.3187561035156,98.18254089355469,170.1999969482422,23.100000381469727,153.50709533691406,20079.099609375,100.0
2024-10-18,422.1534423828125,100.17609405517578,185.39999389648438,24.549999237060547,157.5754852294922,20804.109375,100.0
2024-10-21,412.5501708984375,97.48480224609375,181.1999969482422,24.25,153.70555114746094,20478.4609375,100.0
2024-10-22,413.1380920410156,96.93657684326172,184.8000030517578,24.450000762939453,153.20941162109375,20498.94921875,100.0
2024-10-23,419.60565185546875,96.98641204833984,194.89999389648438,25.549999237060547,157.77395629882812,20760.150390625,100.0
2024-10-24,413.5300598144531,93.84656524658203,187.0,25.25,153.01095581054688,20489.619140625,100.0
2024-10-25,412.5501708984375,95.04269409179688,184.89999389648438,25.950000762939453,154.99554443359375,20590.150390625,100.0
2024-10-28,408.8264465332031,96.33850860595703,185.1999969482422,25.5,156.98011779785156,20599.359375,100.0
2024-10-29,410.0023193359375,97.23561096191406,189.3000030517578,25.850000381469727,161.24696350097656,20701.140625,100.0
2024-10-30,402.7508544921875,95.54108428955078,184.6999969482422,26.0,154.6978302001953,20380.640625,100.0
2024-10-31,396.4793395996094,94.24527740478516,182.5,26.700000762939453,154.30093383789062,20317.330078125,100.0
2024-11-01,410.7862854003906,94.6938247680664,187.60000610351562,27.299999237060547,156.88088989257812,20506.4296875,100.0
2024-11-04,410.59027099609375,95.74044799804688,187.6999969482422,27.299999237060547,154.8963165283203,20567.51953125,100.0
2024-11-05,419.2136535644531,98.08287048339844,193.8000030517578,28.200000762939453,157.37704467773438,21006.970703125,100.0
2024-11-06,411.3742370605469,94.09575653076172,189.3000030517578,27.600000381469727,150.8279266357422,20538.380859375,100.0
2024-11-07,419.8016052246094,95.34172821044922,199.89999389648438,27.850000381469727,152.41558837890625,20953.33984375,100.0
2024-11-08,412.3541564941406,93.6970443725586,191.8000030517578,28.299999237060547,154.10247802734375,20728.189453125,100.0
2024-11-11,404.9067077636719,93.79672241210938,185.60000610351562,29.299999237060547,150.5302276611328,20426.9296875,100.0
2024-11-12,395.69537353515625,90.25817108154297,175.6999969482422,28.450000762939453,142.9888458251953,19846.880859375,100.0
2024-11-13,395.69537353515625,90.25817108154297,175.39999389648438,28.899999618530273,140.70657348632812,19823.44921875,100.0
2024-11-14,395.30340576171875,87.66654205322266,169.3000030517578,27.850000381469727,134.05824279785156,19435.810546875,100.0
2024-11-15,392.9515686035156,86.91896057128906,169.60000610351562,28.0,131.5775146484375,19426.33984375,100.0
2024-11-18,396.0873718261719,86.02186584472656,169.0,28.799999237060547,136.3404998779297,19576.609375,100.0
2024-11-19,398.0472106933594,84.97525024414062,171.89999389648438,28.299999237060547,136.14202880859375,19663.669921875,100.0
2024-11-20,402.55487060546875,84.47686004638672,174.8000030517578,28.0,136.4397430419922,19705.009765625,100.0
2024-11-21,399.41912841796875,84.12799072265625,172.6999969482422,28.149999618530273,136.83663940429688,19601.109375,100.0
2024-11-22,392.5596008300781,80.43991088867188,167.10000610351562,28.549999237060547,136.4397430419922,19229.970703125,100.0
2024-11-25,387.2679748535156,81.68588256835938,162.0,28.399999618530273,132.27210998535156,19150.990234375,100.0
2024-11-26,385.89605712890625,83.08136749267578,164.3000030517578,27.200000762939453,134.75283813476562,19159.19921875,100.0
2024-11-27,394.7154235839844,84.72605895996094,176.1999969482422,28.299999237060547,141.5004119873047,19603.130859375,100.0
2024-11-28,391.9716491699219,83.13121032714844,172.1999969482422,27.850000381469727,141.10348510742188,19366.9609375,100.0
2024-11-29,390.01177978515625,83.38040924072266,168.6999969482422,27.75,142.691162109375,19423.609375,100.0
2024-12-02,391.775634765625,83.7292709350586,167.39999389648438,28.549999237060547,146.16416931152344,19550.2890625,100.0
2024-12-03,396.2833251953125,84.17781829833984,165.5,29.100000381469727,144.17959594726562,19746.3203125,100.0
2024-12-04,395.107421875,83.7292709350586,165.1999969482422,29.100000381469727,141.30194091796875,19742.4609375,100.0
2024-12-05,397.0672607421875,81.68588256835938,159.1999969482422,29.450000762939453,141.10348510742188,19560.439453125,100.0
2024-12-06,404.3187561035156,83.67943572998047,162.39999389648438,29.899999618530273,145.46957397460938,19865.849609375,100.0
2024-12-09,410.394287109375,86.61993408203125,171.6999969482422,30.950000762939453,151.02638244628906,20414.08984375,100.0
2024-12-10,402.9468688964844,86.32089233398438,171.8000030517578,30.950000762939453,152.11790466308594,20311.279296875,100.0
2024-12-11,401.5749206542969,85.92218780517578,167.0,30.450000762939453,147.85105895996094,20155.05078125,100.0
2024-12-12,407.258544921875,87.71638488769531,168.89999389648438,31.600000381469727,146.66030883789062,20397.05078125,100.0
2024-12-13,401.5749206542969,85.47364044189453,162.60000610351562,31.350000381469727,143.28651428222656,19971.240234375,100.0
2024-12-16,397.459228515625,84.0781478881836,159.60000610351562,30.350000381469727,142.8896026611328,19795.490234375,100.0
2024-12-17,394.5194396972656,83.13121032714844,158.60000610351562,29.950000762939453,141.10348510742188,19700.48046875,100.0
2024-12-18,397.8511962890625,83.77912139892578,160.10000610351562,30.799999237060547,142.8896026611328,19864.55078125,100.0
2024-12-19,406.8665466308594,82.68265533447266,158.39999389648438,30.799999237060547,140.6073455810547,19752.509765625,100.0
2024-12-20,417.8417663574219,79.84184265136719,158.60000610351562,31.649999618530273,136.3404998779297,19720.69921875,100.0
2024-12-23,411.7662353515625,80.73894500732422,155.60000610351562,31.75,138.52354431152344,19883.130859375,100.0
2024-12-24,411.5702209472656,83.18104553222656,155.1999969482422,32.900001525878906,140.30966186523438,20098.2890625,100.0
2024-12-27,409.02239990234375,82.0845947265625,154.6999969482422,34.150001525878906,134.85206604003906,20090.4609375,100.0
2024-12-30,410.59027099609375,81.7357177734375,152.8000030517578,34.45000076293945,133.6613311767578,20041.419921875,100.0
2024-12-31,411.3742370605469,82.5829849243164,152.5,34.650001525878906,134.85206604003906,20059.94921875,100.0
2025-01-02,407.6505126953125,81.03797912597656,150.60000610351562,34.0,131.47828674316406,19623.3203125,100.0
2025-01-03,405.88665771484375,82.33378601074219,153.6999969482422,36.25,133.16517639160156,19760.26953125,100.0
2025-01-06,401.1829528808594,81.88523864746094,150.6999969482422,36.29999923706055,134.6536102294922,19688.2890625,100.0
2025-01-07,371.9810791015625,81.13765716552734,148.6999969482422,34.150001525878906,133.95901489257812,19447.580078125,100.0
2025-01-08,361.7898254394531,80.63927459716797,146.6999969482422,32.79999923706055,134.25669860839844,19279.83984375,100.0
2025-01-09,365.905517578125,80.3402328491211,144.39999389648438,33.75,132.17288208007812,19240.890625,100.0
2025-01-10,362.1817932128906,79.34345245361328,140.10000610351562,33.54999923706055,129.89060974121094,19064.2890625,100.0
2025-01-13,358.654052734375,77.8482894897461,137.39999389648438,32.79999923706055,128.00527954101562,18874.140625,100.0
2025-01-14,367.4734191894531,79.69232940673828,144.3000030517578,33.75,134.85206604003906,19219.779296875,100.0
2025-01-15,372.373046875,79.69232940673828,144.5,33.599998474121094,136.04283142089844,19286.0703125,100.0
2025-01-16,374.7248840332031,80.19071960449219,147.60000610351562,34.349998474121094,139.01968383789062,19522.890625,100.0
2025-01-17,372.17706298828125,80.48975372314453,147.8000030517578,34.95000076293945,145.56878662109375,19584.060546875,100.0
2025-01-20,381.9763488769531,84.27751159667969,155.5,34.70000076293945,156.186279296875,19925.810546875,100.0
2025-01-21,379.6245422363281,84.52670288085938,158.5,35.900001525878906,157.17855834960938,20106.55078125,100.0
2025-01-22,375.7048034667969,81.93507385253906,152.5,35.29999923706055,150.43101501464844,19778.76953125,100.0
2025-01-23,373.5489807128906,82.63282012939453,151.10000610351562,34.5,150.03408813476562,19700.560546875,100.0
2025-01-24,382.76031494140625,84.47686004638672,150.0,36.849998474121094,154.4993896484375,20066.189453125,100.0
2025-01-27,387.6599426269531,86.96880340576172,149.6999969482422,37.099998474121094,156.08706665039062,20197.76953125,100.0
2025-01-28,393.9314880371094,88.06525421142578,148.60000610351562,38.150001525878906,155.78936767578125,20225.109375,100.0
2025-02-03,396.0873718261719,93.6970443725586,142.3000030517578,37.95000076293945,150.7286834716797,20217.259765625,100.0
2025-02-04,412.3541564941406,97.33528137207031,150.8000030517578,39.54999923706055,160.8500518798828,20789.9609375,100.0
2025-02-05,409.41436767578125,97.23561096191406,150.89999389648438,39.650001525878906,155.29322814941406,20597.08984375,100.0
2025-02-06,411.9621887207031,98.23238372802734,150.10000610351562,40.54999923706055,156.4839630126953,20891.619140625,100.0
2025-02-07,419.60565185546875,99.6777114868164,154.10000610351562,42.45000076293945,155.8885955810547,21133.5390625,100.0
2025-02-10,428.2290344238281,105.15998077392578,162.6999969482422,43.75,160.25466918945312,21521.98046875,100.0
2025-02-11,418.8216857910156,104.56192016601562,161.8000030517578,42.54999923706055,157.27780151367188,21294.859375,100.0
2025-02-12,435.2845153808594,113.43323516845703,155.1999969482422,44.099998474121094,154.8963165283203,21857.919921875,100.0
2025-02-13,433.128662109375,116.32388305664062,159.6999969482422,41.650001525878906,150.33177185058594,21814.369140625,100.0
2025-02-14,465.27032470703125,123.70003509521484,169.89999389648438,44.70000076293945,161.7430877685547,22620.330078125,100.0
2025-02-17,483.6930236816406,121.80615997314453,168.89999389648438,45.150001525878906,155.8885955810547,22616.23046875,100.0
2025-02-18,493.3943176269531,125.89295196533203,172.89999389648438,48.400001525878906,155.39247131347656,22976.810546875,100.0
2025-02-19,487.8086853027344,123.70003509521484,167.6999969482422,49.45000076293945,153.01095581054688,22944.240234375,100.0
2025-02-20,477.02947998046875,120.51034545898438,156.89999389648438,49.150001525878906,152.5148162841797,22576.98046875,100.0
2025-02-21,506.62335205078125,138.0536346435547,162.89999389648438,51.70000076293945,160.35389709472656,23477.919921875,100.0
2025-02-24,487.22076416015625,135.2626495361328,166.5,51.599998474121094,159.85775756835938,23341.609375,100.0
2025-02-25,475.0696105957031,130.17909240722656,158.60000610351562,53.20000076293945,153.80479431152344,23034.01953125,100.0
2025-02-26,491.4344177246094,136.4587860107422,174.1999969482422,56.29999923706055,166.8037872314453,23787.9296875,100.0
2025-02-27,485.4568786621094,135.2626495361328,172.8000030517578,53.099998474121094,165.91070556640625,23718.2890625,100.0
2025-02-28,468.99407958984375,127.08908081054688,162.0,51.849998474121094,159.36160278320312,22941.3203125,100.0
2025-03-03,473.50177001953125,129.97972106933594,162.60000610351562,50.95000076293945,157.77395629882812,23006.26953125,100.0
2025-03-04,481.1451721191406,127.38811492919922,161.1999969482422,50.54999923706055,158.9646759033203,22941.76953125,100.0
2025-03-05,495.3541564941406,129.48133850097656,171.5,54.20000076293945,163.826904296875,23594.2109375,100.0
2025-03-06,533.0814208984375,140.34622192382812,180.3000030517578,54.900001525878906,177.61972045898438,24369.7109375,100.0
2025-03-07,522.7921752929688,139.54879760742188,183.5,54.349998474121094,168.78836059570312,24231.30078125,100.0
2025-03-10,506.1333923339844,134.0665283203125,174.89999389648438,52.849998474121094,161.04849243164062,23783.490234375,100.0
2025-03-11,507.11328125,133.16943359375,171.60000610351562,53.900001525878906,158.865478515625,23782.140625,100.0
2025-03-12,501.72369384765625,134.3655548095703,168.3000030517578,52.04999923706055,155.49166870117188,23600.310546875,100.0
2025-03-13,497.3139953613281,131.07618713378906,164.5,52.849998474121094,155.98782348632812,23462.650390625,100.0
2025-03-14,511.03302001953125,135.36233520507812,173.39999389648438,53.849998474121094,164.32305908203125,23959.98046875,100.0
2025-03-17,513.9728393554688,135.0633087158203,175.10000610351562,55.79999923706055,167.6968231201172,24145.5703125,100.0
2025-03-18,530.1416015625,142.9378204345703,177.3000030517578,57.650001525878906,176.5281982421875,24740.5703125,100.0
2025-03-19,529.1616821289062,140.64524841308594,175.89999389648438,58.20000076293945,174.84130859375,24771.140625,100.0
2025-03-20,509.0731506347656,135.0633087158203,168.10000610351562,56.5,166.20840454101562,24219.94921875,100.0
2025-03-21,501.2337341308594,130.2787628173828,167.60000610351562,54.70000076293945,161.6438751220703,23689.720703125,100.0
2025-03-24,502.7036437988281,132.3719940185547,165.6999969482422,57.0,165.31533813476562,23905.560546875,100.0
2025-03-25,491.9244079589844,127.28843688964844,158.5,53.400001525878906,159.95697021484375,23344.25,100.0
2025-03-26,496.3341064453125,129.08262634277344,159.89999389648438,53.95000076293945,162.83462524414062,23483.3203125,100.0
2025-03-27,498.7839050292969,129.68069458007812,162.8000030517578,51.70000076293945,163.3307647705078,23578.80078125,100.0
2025-03-28,499.27386474609375,130.57778930664062,160.10000610351562,51.04999923706055,163.13229370117188,23426.599609375,100.0
2025-03-31,487.0247802734375,127.58747100830078,155.8000030517578,49.20000076293945,159.56007385253906,23119.580078125,100.0
2025-04-01,493.88427734375,129.3816680908203,157.89999389648438,46.5,159.95697021484375,23206.83984375,100.0
2025-04-02,493.88427734375,129.58102416992188,157.8000030517578,44.54999923706055,160.6515655517578,23202.529296875,100.0
2025-04-03,487.8086853027344,123.10196685791016,157.89999389648438,45.900001525878906,152.31634521484375,22849.810546875,100.0
2025-04-07,426.6611022949219,100.97352600097656,134.3000030517578,36.45000076293945,125.83521270751953,19828.30078125,100.0
2025-04-08,431.5607604980469,102.1696548461914,140.60000610351562,38.900001525878906,136.98516845703125,20127.6796875,100.0
2025-04-09,432.3447265625,103.26610565185547,146.39999389648438,41.900001525878906,136.0891876220703,20264.490234375,100.0
2025-04-10,435.8724365234375,104.46224212646484,145.39999389648438,43.04999923706055,141.0668487548828,20681.779296875,100.0
2025-04-11,434.50054931640625,102.66804504394531,143.5,44.25,142.46060180664062,20914.689453125,100.0
2025-04-14,444.8878173828125,107.85127258300781,145.89999389648438,43.20000076293945,145.94496154785156,21417.400390625,100.0
2025-04-15,446.84765625,109.5457992553711,146.8000030517578,43.099998474121094,145.84539794921875,21466.26953125,100.0
2025-04-16,439.0082092285156,105.06031036376953,134.89999389648438,41.25,137.78158569335938,21056.98046875,100.0
2025-04-17,448.8075256347656,108.34966278076172,136.5,41.95000076293945,138.57801818847656,21395.140625,100.0
2025-04-22,451.15936279296875,109.64547729492188,130.1999969482422,44.400001525878906,129.8173370361328,21562.3203125,100.0
2025-04-23,464.6824035644531,115.62614440917969,133.89999389648438,47.45000076293945,131.8083953857422,22072.619140625,100.0
2025-04-24,461.5466003417969,113.43323516845703,127.0,48.20000076293945,123.6450424194336,21909.759765625,100.0
2025-04-25,468.6020812988281,115.22742462158203,127.5999984741211,47.70000076293945,123.24683380126953,21980.740234375,100.0
2025-04-28,468.6020812988281,114.82872009277344,128.39999389648438,47.5,125.93476104736328,21971.9609375,100.0
2025-04-29,463.5064697265625,114.62936401367188,132.10000610351562,47.45000076293945,128.32403564453125,22008.109375,100.0
2025-04-30,467.6221923828125,117.12130737304688,130.3000030517578,49.95000076293945,127.3285140991211,22119.41015625,100.0
2025-05-02,478.0093994140625,121.60680389404297,132.5,53.099998474121094,131.50975036621094,22504.6796875,100.0
2025-05-06,485.4568786621094,123.4010009765625,138.5,51.54999923706055,130.9124298095703,22662.7109375,100.0
2025-05-07,479.9692687988281,120.90906524658203,139.0,50.099998474121094,130.31509399414062,22691.880859375,100.0
2025-05-08,488.0046691894531,121.1084213256836,141.39999389648438,50.79999923706055,131.01197814941406,22775.919921875,100.0
2025-05-09,484.67291259765625,123.20165252685547,141.0,51.349998474121094,130.9124298095703,22867.740234375,100.0
2025-05-12,507.11328125,130.77716064453125,144.5,50.599998474121094,139.27488708496094,23549.4609375,100.0
2025-05-13,495.8441162109375,125.69358825683594,137.39999389648438,48.650001525878906,136.38784790039062,23108.26953125,100.0
2025-05-14,510.54302978515625,129.97972106933594,139.39999389648438,50.400001525878906,140.96730041503906,23640.650390625,100.0
2025-05-15,509.5631408691406,128.48455810546875,135.39999389648438,50.150001525878906,134.7949981689453,23453.16015625,100.0
2025-05-16,502.1495056152344,123.0022964477539,131.39999389648438,51.0,131.21109008789062,23345.05078125,100.0
2025-05-19,508.08038330078125,118.81582641601562,134.39999389648438,52.349998474121094,129.8173370361328,23332.720703125,100.0
2025-05-20,511.04583740234375,121.30776977539062,136.39999389648438,54.79999923706055,132.9034881591797,23681.48046875,100.0
2025-05-21,514.5055541992188,122.70326232910156,137.3000030517578,54.45000076293945,133.89901733398438,23827.779296875,100.0
2025-05-22,510.5516052246094,118.71614837646484,136.0,53.20000076293945,131.907958984375,23544.310546875,100.0
2025-05-23,512.0343017578125,118.41712188720703,136.89999389648438,53.0,131.3106231689453,23601.259765625,100.0
2025-05-26,504.12646484375,116.52324676513672,129.39999389648438,51.29999923706055,129.0209197998047,23282.330078125,100.0
2025-05-27,506.1034240722656,117.61969757080078,132.10000610351562,51.54999923706055,127.72672271728516,23381.990234375,100.0
2025-05-28,500.1725158691406,115.32711029052734,131.39999389648438,51.75,125.93476104736328,23258.310546875,100.0
2025-05-29,504.6206970214844,117.71937561035156,140.10000610351562,51.70000076293945,131.21109008789062,23573.380859375,100.0
2025-05-30,492.4623718261719,113.53291320800781,138.0,50.95000076293945,128.32403564453125,23289.76953125,100.0
2025-06-02,492.6600341796875,112.83515930175781,135.6999969482422,51.599998474121094,128.025390625,23157.970703125,100.0
2025-06-03,499.1840515136719,113.53291320800781,136.60000610351562,53.20000076293945,128.025390625,23512.490234375,100.0
2025-06-04,506.1034240722656,114.23065185546875,140.6999969482422,53.45000076293945,128.12493896484375,23654.029296875,100.0
2025-06-05,509.0688781738281,117.91873931884766,144.39999389648438,54.25,130.01644897460938,23906.970703125,100.0
2025-06-06,509.0688781738281,116.22420501708984,141.6999969482422,53.099998474121094,128.12493896484375,23792.5390625,100.0
2025-06-09,512.0343017578125,118.91551208496094,148.39999389648438,54.150001525878906,133.40126037597656,24181.4296875,100.0
2025-06-10,507.5861511230469,118.41712188720703,144.39999389648438,53.45000076293945,131.3106231689453,24162.869140625,100.0
2025-06-11,512.0343017578125,118.26728820800781,143.8000030517578,54.099998474121094,133.30169677734375,24366.939453125,100.0
2025-06-12,504.12646484375,114.47154998779297,141.0,52.20000076293945,130.8128662109375,24035.380859375,100.0
2025-06-13,504.12646484375,111.87446594238281,138.1999969482422,51.95000076293945,129.2200164794922,23892.560546875,100.0
2025-06-16,503.6322021484375,112.77345275878906,138.8000030517578,54.150001525878906,130.31509399414062,24060.990234375,100.0
2025-06-17,507.5861511230469,114.67132568359375,138.10000610351562,54.0,130.9124298095703,23980.30078125,100.0
2025-06-18,502.1495056152344,112.07423400878906,133.3000030517578,53.79999923706055,128.82180786132812,23710.689453125,100.0
2025-06-19,492.2646484375,109.87670135498047,128.3000030517578,53.04999923706055,124.14280700683594,23237.740234375,100.0
2025-06-20,499.67828369140625,111.57479858398438,128.60000610351562,54.04999923706055,125.03878784179688,23530.48046875,100.0
2025-06-23,498.195556640625,110.67581176757812,131.39999389648438,54.849998474121094,124.24236297607422,23689.130859375,100.0
2025-06-24,503.6322021484375,112.57367706298828,130.0,56.900001525878906,126.03431701660156,24177.0703125,100.0
2025-06-25,506.59765625,115.37053680419922,131.8000030517578,56.650001525878906,129.2200164794922,24474.669921875,100.0
2025-06-26,507.0919189453125,112.07423400878906,130.0,56.900001525878906,129.51869201660156,24325.400390625,100.0
2025-06-27,507.0919189453125,111.97434997558594,129.39999389648438,58.95000076293945,129.71778869628906,24284.150390625,100.0
2025-06-30,497.2070617675781,109.67693328857422,125.30000305175781,59.95000076293945,127.3285140991211,24072.279296875,100.0
2025-07-02,495.7243347167969,109.27738189697266,126.0,60.150001525878906,127.42806243896484,24221.41015625,100.0
2025-07-03,495.2301025390625,106.08096313476562,122.80000305175781,58.099998474121094,124.74012756347656,24069.939453125,100.0
2025-07-04,491.0784606933594,104.98219299316406,120.80000305175781,57.5,123.6450424194336,23916.060546875,100.0
2025-07-07,496.2185974121094,105.2818603515625,119.0,57.29999923706055,124.24236297607422,23887.830078125,100.0
2025-07-08,498.6897888183594,106.88006591796875,122.19999694824219,58.650001525878906,127.12940216064453,24148.0703125,100.0
2025-07-09,491.8692626953125,102.78466796875,119.19999694824219,57.400001525878906,124.74012756347656,23892.3203125,100.0
2025-07-10,490.88079833984375,103.08432006835938,118.5999984741211,56.900001525878906,123.04772186279297,24028.369140625,100.0
2025-07-11,490.88079833984375,104.98219299316406,120.0,57.349998474121094,122.74906921386719,24139.5703125,100.0
2025-07-14,494.24163818359375,105.98107147216797,120.9000015258789,57.29999923706055,121.85308837890625,24203.3203125,100.0
2025-07-15,511.5400695800781,113.3727798461914,126.19999694824219,57.650001525878906,124.44146728515625,24590.119140625,100.0
2025-07-16,510.5516052246094,113.67244720458984,124.0999984741211,57.29999923706055,124.14280700683594,24517.759765625,100.0
2025-07-17,511.04583740234375,112.3739013671875,125.5,56.150001525878906,123.9437026977539,24498.94921875,100.0
2025-07-18,513.0228271484375,115.67020416259766,127.30000305175781,57.0,127.62716674804688,24825.66015625,100.0
2025-07-21,515.4940185546875,117.76785278320312,130.8000030517578,57.75,130.31509399414062,24994.140625,100.0
2025-07-22,519.9421997070312,117.86773681640625,129.0,57.95000076293945,129.91688537597656,25130.029296875,100.0
2025-07-23,545.6427612304688,120.76448822021484,133.1999969482422,58.400001525878906,133.5008087158203,25538.0703125,100.0
2025-07-24,550.5851440429688,120.1651611328125,134.39999389648438,58.45000076293945,132.70437622070312,25667.1796875,100.0
2025-07-25,544.1600341796875,117.86773681640625,130.10000610351562,57.400001525878906,129.91688537597656,25388.349609375,100.0
2025-07-28,549.1024169921875,120.4648208618164,129.39999389648438,56.79999923706055,130.61375427246094,25562.130859375,100.0
2025-07-29,548.6082153320312,120.56470489501953,128.60000610351562,55.29999923706055,129.8173370361328,25524.44921875,100.0
2025-07-30,542.6773071289062,116.96874237060547,127.4000015258789,54.75,126.33297729492188,25176.9296875,100.0
2025-07-31,543.665771484375,115.5703125,121.5999984741211,53.150001525878906,122.3508529663086,24773.330078125,100.0
2025-08-01,528.8385620117188,116.76897430419922,122.19999694824219,53.400001525878906,122.15174102783203,24507.810546875,100.0
2025-08-04,543.665771484375,116.06975555419922,123.0,54.54999923706055,122.45040130615234,24733.44921875,100.0
2025-08-05,552.5621337890625,115.86997985839844,122.9000015258789,54.29999923706055,122.45040130615234,24902.529296875,100.0
2025-08-06,561.9526977539062,116.5691909790039,121.0999984741211,54.0,122.05219268798828,24910.630859375,100.0
2025-08-07,560.4700317382812,119.06639099121094,122.0,51.849998474121094,124.14280700683594,25081.630859375,100.0
2025-08-08,554.5391235351562,116.16964721679688,120.80000305175781,51.25,122.3508529663086,24858.8203125,100.0
2025-08-11,554.5391235351562,118.36717987060547,119.19999694824219,50.79999923706055,121.75353240966797,24906.810546875,100.0
2025-08-12,553.056396484375,116.46930694580078,119.4000015258789,51.70000076293945,122.15174102783203,24969.6796875,100.0
2025-08-13,579.2511596679688,123.56134796142578,124.30000305175781,53.25,126.83074188232422,25613.669921875,100.0
2025-08-14,583.2051391601562,121.66348266601562,124.4000015258789,53.20000076293945,124.541015625,25519.3203125,100.0
2025-08-15,585.1820678710938,117.96762084960938,121.69999694824219,52.849998474121094,120.26023864746094,25270.0703125,100.0
2025-08-18,580.2396850585938,118.4670639038086,121.5,53.04999923706055,123.44593811035156,25176.849609375,100.0
2025-08-19,585.6763305664062,118.16740417480469,120.80000305175781,52.400001525878906,122.74906921386719,25122.900390625,100.0
2025-08-20,583.6993408203125,117.36830139160156,120.80000305175781,52.54999923706055,121.95263671875,25165.939453125,100.0
2025-08-21,586.1705932617188,115.5703125,117.0999984741211,51.349998474121094,120.55889129638672,25104.609375,100.0
2025-08-22,593.0899658203125,117.86773681640625,118.4000015258789,52.54999923706055,120.85755157470703,25339.140625,100.0
2025-08-25,607.4229736328125,124.3604507446289,122.30000305175781,53.5,126.03431701660156,25829.91015625,100.0
2025-08-26,602.4805297851562,121.1640396118164,120.0,53.5,123.84414672851562,25524.919921875,100.0
2025-08-27,592.1014404296875,121.36381530761719,116.30000305175781,53.20000076293945,120.75800323486328,25201.759765625,100.0
2025-08-28,587.1590576171875,115.67020416259766,101.69999694824219,53.099998474121094,114.68525695800781,24998.8203125,100.0
2025-08-29,589.6302490234375,115.5703125,102.69999694824219,52.849998474121094,117.27364349365234,25077.619140625,100.0
2025-09-01,598.0323486328125,136.9463348388672,103.0,54.0,120.85755157470703,25617.419921875,100.0
2025-09-02,593.5841674804688,134.54901123046875,101.0999984741211,55.849998474121094,119.06559753417969,25496.55078125,100.0
2025-09-03,591.6072387695312,133.94969177246094,100.5,54.70000076293945,120.16067504882812,25343.4296875,100.0
2025-09-04,585.6763305664062,129.65451049804688,101.4000015258789,53.45000076293945,119.26470184326172,25058.509765625,100.0
2025-09-05,598.526611328125,131.6522674560547,103.0,53.650001525878906,121.5544204711914,25417.98046875,100.0
2025-09-08,610.388427734375,137.14610290527344,102.0,54.75,122.84861755371094,25633.91015625,100.0
2025-09-09,619.7789916992188,141.74093627929688,99.6500015258789,56.20000076293945,126.9302978515625,25938.130859375,100.0
2025-09-10,626.2041625976562,142.6399383544922,101.69999694824219,54.95000076293945,131.50975036621094,26200.259765625,100.0
2025-09-11,622.2501831054688,143.13938903808594,96.55000305175781,54.650001525878906,129.2200164794922,26086.3203125,100.0
2025-09-12,636.0889892578125,150.93064880371094,96.55000305175781,55.150001525878906,131.1115264892578,26388.16015625,100.0
2025-09-15,636.0889892578125,154.42672729492188,97.3499984741211,56.20000076293945,131.1115264892578,26446.560546875,100.0
2025-09-16,637.5717163085938,153.32794189453125,100.30000305175781,56.45000076293945,129.41912841796875,26438.509765625,100.0
2025-09-17,653.8816528320312,161.4188690185547,105.19999694824219,57.849998474121094,136.0891876220703,26908.390625,100.0
2025-09-18,634.6062622070312,158.22244262695312,105.5,56.849998474121094,133.69992065429688,26544.849609375,100.0
2025-09-19,635.1004638671875,158.9216766357422,106.30000305175781,56.70000076293945,138.1798095703125,26545.099609375,100.0
2025-09-22,633.6177368164062,159.0215606689453,103.9000015258789,56.099998474121094,133.60035705566406,26344.140625,100.0
2025-09-23,628.1810913085938,159.22132873535156,101.0,55.45000076293945,127.72672271728516,26159.119140625,100.0
2025-09-24,641.0313720703125,173.80496215820312,102.19999694824219,56.900001525878906,132.4057159423828,26518.650390625,100.0
2025-09-25,642.5140991210938,171.8072052001953,102.30000305175781,59.45000076293945,136.98516845703125,26484.6796875,100.0
2025-09-26,636.5831909179688,166.31336975097656,100.5999984741211,54.650001525878906,131.907958984375,26128.19921875,100.0
2025-09-29,652.39892578125,173.2056427001953,102.80000305175781,53.54999923706055,135.98963928222656,26622.880859375,100.0
2025-09-30,655.3643798828125,176.80160522460938,104.5,54.0,137.8811492919922,26855.560546875,100.0
2025-10-02,668.7089233398438,182.894775390625,105.80000305175781,55.79999923706055,142.1619415283203,27287.119140625,100.0
2025-10-03,665.7434692382812,184.8925323486328,106.0999984741211,55.0,139.57354736328125,27140.919921875,100.0
2025-10-06,669.6973876953125,180.2976837158203,105.5999984741211,53.849998474121094,136.58694458007812,26957.76953125,100.0
2025-10-08,667.2261962890625,177.40093994140625,103.69999694824219,53.849998474121094,134.99411010742188,26829.4609375,100.0
2025-10-09,667.720458984375,173.1057586669922,103.5999984741211,53.349998474121094,135.09365844726562,26752.58984375,100.0
2025-10-10,643.996826171875,165.214599609375,101.69999694824219,52.04999923706055,131.21109008789062,26290.3203125,100.0
2025-10-13,631.6408081054688,162.41775512695312,99.80000305175781,49.08000183105469,126.43253326416016,25889.48046875,100.0
2025-10-14,613.8480834960938,155.42559814453125,98.30000305175781,48.619998931884766,125.83521270751953,25441.349609375,100.0
2025-10-15,619.7789916992188,161.4188690185547,99.9000015258789,49.47999954223633,128.42359924316406,25910.599609375,100.0
2025-10-16,612.859619140625,161.01931762695312,98.75,47.70000076293945,127.52761840820312,25888.509765625,100.0
2025-10-17,600.997802734375,154.2269287109375,94.5,45.959999084472656,123.54548645019531,25247.099609375,100.0
2025-10-20,620.2732543945312,161.71852111816406,96.6500015258789,47.13999938964844,127.22895812988281,25858.830078125,100.0
2025-10-21,623.2387084960938,164.91494750976562,96.5,46.459999084472656,128.025390625,26027.55078125,100.0
2025-10-22,616.3193359375,161.71852111816406,96.0999984741211,46.34000015258789,126.23342895507812,25781.76953125,100.0
2025-10-23,625.7098999023438,164.41551208496094,100.0,46.7400016784668,128.12493896484375,25967.98046875,100.0
2025-10-24,630.1580810546875,168.11135864257812,100.5999984741211,45.91999816894531,128.2244873046875,26160.150390625,100.0
2025-10-27,648.4450073242188,173.40542602539062,102.0,45.79999923706055,131.21109008789062,26433.69921875,100.0
2025-10-28,637.5717163085938,170.80833435058594,100.0,44.91999816894531,130.21556091308594,26346.140625,100.0
2025-10-30,643.5026245117188,171.9071044921875,102.4000015258789,44.15999984741211,130.31509399414062,26282.689453125,100.0
2025-10-31,621.7559814453125,164.91494750976562,102.0,43.20000076293945,127.02984619140625,25906.650390625,100.0
2025-11-03,620.7674560546875,163.01707458496094,102.30000305175781,44.720001220703125,126.63163757324219,26158.359375,100.0
2025-11-04,621.7559814453125,158.82177734375,99.9000015258789,43.41999816894531,122.84861755371094,25952.400390625,100.0
2025-11-05,621.7559814453125,158.3223419189453,101.19999694824219,43.31999969482422,122.25129699707031,25935.41015625,100.0
2025-11-06,636.5831909179688,164.8150634765625,103.30000305175781,43.439998626708984,126.33297729492188,26485.900390625,100.0
2025-11-07,626.6983642578125,159.92056274414062,102.0,42.2400016784668,123.44593811035156,26241.830078125,100.0
2025-11-10,642.0198974609375,163.2168426513672,103.30000305175781,42.36000061035156,123.9437026977539,26649.060546875,100.0
2025-11-11,642.5140991210938,160.22019958496094,102.0,42.97999954223633,122.54995727539062,26696.41015625,100.0
2025-11-12,649.4334716796875,156.62425231933594,101.80000305175781,43.70000076293945,124.14280700683594,26922.73046875,100.0
2025-11-13,648.4450073242188,161.81842041015625,102.0999984741211,43.5,123.84414672851562,27073.029296875,100.0
2025-11-14,633.6177368164062,154.72637939453125,100.0,42.36000061035156,116.3776626586914,26572.4609375,100.0
2025-11-17,629.1696166992188,154.72637939453125,100.30000305175781,41.959999084472656,114.88436126708984,26384.279296875,100.0
2025-11-18,616.3193359375,154.42672729492188,98.5999984741211,40.779998779296875,113.7892837524414,25930.029296875,100.0
2025-11-19,615.330810546875,156.2246856689453,98.0,38.81999969482422,112.99285125732422,25830.650390625,100.0
2025-11-20,613.8480834960938,154.62649536132812,98.5,37.70000076293945,112.99285125732422,25835.5703125,100.0
2025-11-21,602.9747924804688,147.4345703125,95.55000305175781,38.08000183105469,109.8071517944336,25220.01953125,100.0
2025-11-24,617.3078002929688,154.3268280029297,98.1500015258789,38.65999984741211,111.89776611328125,25716.5,100.0
2025-11-25,617.802001953125,157.6231231689453,98.25,40.34000015258789,111.89776611328125,25894.55078125,100.0
2025-11-26,612.3653564453125,154.62649536132812,103.80000305175781,40.099998474121094,114.28704833984375,25928.080078125,100.0
2025-11-27,604.45751953125,150.4311981201172,104.0,41.099998474121094,115.6807861328125,25945.9296875,100.0
2025-11-28,604.45751953125,151.33018493652344,102.5,41.02000045776367,115.97944641113281,25858.890625,100.0
2025-12-01,612.3653564453125,154.72637939453125,99.55000305175781,40.29999923706055,116.57676696777344,26033.259765625,100.0
2025-12-02,609.8941650390625,156.8240203857422,96.5,40.70000076293945,115.48168182373047,26095.05078125,100.0
2025-12-03,603.9632568359375,153.42784118652344,95.9000015258789,40.220001220703125,114.98391723632812,25760.73046875,100.0
2025-12-04,604.9517211914062,154.2269287109375,98.0999984741211,41.97999954223633,115.58123016357422,25935.900390625,100.0
2025-12-05,602.9747924804688,154.82626342773438,99.05000305175781,42.779998779296875,116.47721099853516,26085.080078125,100.0
2025-12-08,598.0323486328125,153.22805786132812,99.5,42.58000183105469,115.6807861328125,25765.359375,100.0
2025-12-09,595.5611572265625,150.73085021972656,97.3499984741211,41.2599983215332,114.3865966796875,25434.23046875,100.0
2025-12-10,596.055419921875,153.0282745361328,100.0,41.779998779296875,114.28704833984375,25540.779296875,100.0
2025-12-11,594.5726928710938,150.4311981201172,101.5,42.18000030517578,113.7892837524414,25530.509765625,100.0
2025-12-12,608.9057006835938,153.92727661132812,102.4000015258789,42.959999084472656,115.08346557617188,25976.7890625,100.0
2025-12-15,596.055419921875,148.43344116210938,100.9000015258789,41.84000015258789,112.99285125732422,25628.880859375,100.0
2025-12-16,589.6302490234375,144.03836059570312,99.5,40.900001525878906,110.40447235107422,25235.41015625,100.0
2025-12-17,598.0323486328125,145.8363494873047,101.30000305175781,41.220001220703125,111.7982177734375,25468.779296875,100.0
2025-12-18,598.0323486328125,143.93849182128906,101.4000015258789,40.20000076293945,111.69865417480469,25498.130859375,100.0
2025-12-19,606.9287109375,145.13714599609375,102.69999694824219,40.540000915527344,110.80268859863281,25690.529296875,100.0
2025-12-22,607.4229736328125,146.23590087890625,102.80000305175781,39.79999923706055,111.7982177734375,25801.76953125,100.0
2025-12-23,595.06689453125,147.03500366210938,103.19999694824219,39.20000076293945,112.29598236083984,25774.140625,100.0
2025-12-24,595.5611572265625,145.93624877929688,103.0999984741211,39.20000076293945,112.19642639160156,25818.9296875,100.0
2025-12-29,589.6302490234375,143.13938903808594,104.19999694824219,38.58000183105469,111.49955749511719,25635.23046875,100.0
2025-12-30,593.0899658203125,144.33802795410156,104.30000305175781,39.36000061035156,113.0924072265625,25854.599609375,100.0
2025-12-31,592.1014404296875,142.6399383544922,102.80000305175781,39.20000076293945,110.90223693847656,25630.5390625,100.0
2026-01-02,615.8250732421875,148.83299255371094,104.5999984741211,40.279998779296875,114.58570098876953,26338.470703125,100.0
2026-01-05,617.3078002929688,152.6287384033203,105.4000015258789,39.34000015258789,113.19195556640625,26347.240234375,100.0
2026-01-06,625.2156372070312,150.6309814453125,106.0999984741211,38.7599983215332,114.98391723632812,26710.44921875,100.0
2026-01-07,617.3078002929688,145.73646545410156,104.5,38.15999984741211,113.49061584472656,26458.94921875,100.0
2026-01-08,608.9057006835938,142.44017028808594,101.0,38.02000045776367,111.20088958740234,26149.310546875,100.0
2026-01-09,603.9632568359375,146.33580017089844,98.5,37.81999969482422,114.08793640136719,26231.7890625,100.0
2026-01-12,615.8250732421875,154.12705993652344,105.0,38.7400016784668,116.3776626586914,26608.48046875,100.0
2026-01-13,620.2732543945312,159.72076416015625,104.9000015258789,37.97999954223633,116.87542724609375,26848.470703125,100.0
2026-01-14,625.7098999023438,168.81057739257812,101.5,37.779998779296875,115.38213348388672,26999.810546875,100.0
2026-01-15,614.8366088867188,164.41551208496094,100.80000305175781,37.86000061035156,114.58570098876953,26923.619140625,100.0
2026-01-16,610.388427734375,166.01370239257812,100.0,37.099998474121094,113.0924072265625,26844.9609375,100.0
2026-01-19,602.9747924804688,160.22019958496094,98.5,36.47999954223633,111.7982177734375,26563.900390625,100.0
2026-01-20,594.0784301757812,159.52099609375,97.3499984741211,35.47999954223633,111.89776611328125,26487.509765625,100.0
2026-01-21,595.5611572265625,163.01707458496094,97.30000305175781,35.41999816894531,112.29598236083984,26585.060546875,100.0
2026-01-22,590.6187133789062,164.6152801513672,97.0,35.2400016784668,113.39106750488281,26629.9609375,100.0
2026-01-23,588.1475219726562,168.31112670898438,97.55000305175781,36.2400016784668,114.28704833984375,26749.509765625,100.0
2026-01-26,592.595703125,165.01483154296875,97.0999984741211,35.220001220703125,115.48168182373047,26765.51953125,100.0
2026-01-27,600.0093383789062,169.70956420898438,96.55000305175781,35.560001373291016,112.99285125732422,27126.94921875,100.0
2026-01-28,613.8480834960938,173.30552673339844,98.3499984741211,36.31999969482422,115.78034210205078,27826.91015625,100.0
2026-01-29,614.8366088867188,173.1057586669922,98.5999984741211,36.619998931884766,114.08793640136719,27968.08984375,100.0
2026-01-30,599.0208740234375,169.01034545898438,97.19999694824219,35.5,111.89776611328125,27387.109375,100.0
2026-02-02,591.6072387695312,163.11695861816406,94.8499984741211,35.060001373291016,110.00625610351562,26775.5703125,100.0
2026-02-03,574.3087768554688,160.8195343017578,93.19999694824219,34.599998474121094,109.20983123779297,26834.76953125,100.0
2026-02-04,551.5736694335938,159.32122802734375,92.1500015258789,33.959999084472656,107.41787719726562,26847.3203125,100.0
2026-02-05,552.06787109375,159.42111206054688,93.80000305175781,34.91999816894531,108.31385803222656,26885.240234375,100.0
2026-02-06,541.194580078125,154.82626342773438,91.4000015258789,35.18000030517578,106.42234802246094,26559.94921875,100.0
2026-02-09,553.5505981445312,157.72300720214844,91.05000305175781,35.20000076293945,107.41787719726562,27027.16015625,100.0
2026-02-10,544.654296875,160.32009887695312,88.80000305175781,35.58000183105469,109.50849151611328,27183.150390625,100.0
2026-02-11,541.6888427734375,159.92056274414062,88.8499984741211,37.099998474121094,109.30938720703125,27266.380859375,100.0
2026-02-12,529.332763671875,158.4222412109375,84.8499984741211,36.52000045776367,107.91564178466797,27032.5390625,100.0
2026-02-13,525.8731079101562,155.22581481933594,82.1500015258789,36.84000015258789,105.92457580566406,26567.119140625,100.0
2026-02-16,528.3442993164062,154.52659606933594,82.05000305175781,36.5,105.42681121826172,26705.939453125,100.0
2026-02-20,515.98828125,146.93511962890625,80.75,35.36000061035156,103.33619689941406,26413.349609375,100.0
2026-02-23,531.8040161132812,152.02940368652344,85.0,36.560001373291016,107.01966094970703,27081.91015625,100.0
2026-02-24,514.0112915039062,147.8341064453125,81.4000015258789,35.7400016784668,105.82502746582031,26590.3203125,100.0
2026-02-25,516.4824829101562,148.13377380371094,82.69999694824219,35.599998474121094,106.32279205322266,26765.720703125,100.0
2026-02-26,506.1034240722656,142.8397216796875,80.44999694824219,35.18000030517578,103.5353012084961,26381.01953125,100.0
2026-02-27,512.0343017578125,142.7398223876953,81.1500015258789,34.900001525878906,103.93351745605469,26630.5390625,100.0
2026-03-02,508.08038330078125,136.24710083007812,77.4000015258789,33.13999938964844,100.84736633300781,26059.849609375,100.0
2026-03-03,504.6206970214844,134.64891052246094,75.6500015258789,31.579999923706055,99.95138549804688,25768.080078125,100.0
2026-03-04,500.1725158691406,129.75439453125,75.4000015258789,32.0,97.5621109008789,25249.48046875,100.0
2026-03-05,496.2185974121094,126.15843963623047,74.5,32.20000076293945,96.51679992675781,25321.33984375,100.0
2026-03-06,513.0228271484375,130.55349731445312,76.8499984741211,33.41999816894531,106.1236801147461,25757.2890625,100.0
2026-03-09,510.0573425292969,128.5557403564453,78.69999694824219,33.68000030517578,105.02859497070312,25408.4609375,100.0
2026-03-10,547.12548828125,133.35035705566406,79.0999984741211,33.619998931884766,108.01519012451172,25959.900390625,100.0
2026-03-11,545.6427612304688,133.0507049560547,77.4000015258789,33.34000015258789,108.11474609375,25898.759765625,100.0
2026-03-12,540.2061157226562,131.45249938964844,76.69999694824219,33.29999923706055,109.01072692871094,25716.759765625,100.0
2026-03-13,541.194580078125,132.3514862060547,75.94999694824219,33.31999969482422,109.11027526855469,25465.599609375,100.0
2026-03-16,552.06787109375,133.8498077392578,78.30000305175781,35.20000076293945,111.00178527832031,25834.01953125,100.0
2026-03-17,543.665771484375,134.4491424560547,80.0,35.36000061035156,111.59910583496094,25868.5390625,100.0
2026-03-18,544.1600341796875,137.545654296875,80.30000305175781,35.13999938964844,112.29598236083984,26025.419921875,100.0
2026-03-19,507.0919189453125,131.85205078125,80.69999694824219,36.31999969482422,110.20536041259766,25500.580078125,100.0
2026-03-20,502.1495056152344,123.56134796142578,79.1500015258789,33.20000076293945,108.11474609375,25277.3203125,100.0
2026-03-23,492.6600341796875,119.56582641601562,76.55000305175781,32.060001373291016,104.63038635253906,24382.470703125,100.0
2026-03-24,508.08038330078125,123.06190490722656,79.0,32.68000030517578,106.72100067138672,25063.7109375,100.0
2026-03-25,499.67828369140625,128.75550842285156,90.0,32.52000045776367,111.89776611328125,25335.94921875,100.0
2026-03-26,489.8923034667969,122.86213684082031,86.69999694824219,32.439998626708984,113.0924072265625,24856.4296875,100.0
2026-03-27,487.7176208496094,122.46257781982422,85.9000015258789,33.0,113.19195556640625,24951.880859375,100.0
2026-03-30,476.05352783203125,120.36493682861328,84.19999694824219,32.380001068115234,112.49508666992188,24750.7890625,100.0
2026-03-31,478.4259033203125,118.86661529541016,82.94999694824219,31.760000228881836,112.6941909790039,24788.140625,100.0
2026-04-01,490.88079833984375,122.56246948242188,81.94999694824219,32.02000045776367,112.39553833007812,25294.029296875,100.0
2026-04-02,483.5660095214844,118.36717987060547,80.25,30.8799991607666,111.4000015258789,25116.529296875,100.0
2026-04-08,502.1495056152344,126.35820770263672,88.5,32.7599983215332,111.9000015258789,25893.01953125,100.0
2026-04-09,502.64373779296875,122.76224517822266,88.0,31.360000610351562,111.69999694824219,25752.400390625,100.0
2026-04-10,498.6897888183594,125.35932922363281,87.5999984741211,30.899999618530273,111.4000015258789,25893.5390625,100.0
2026-04-13,484.3567810058594,123.06190490722656,86.44999694824219,30.65999984741211,112.30000305175781,25660.849609375,100.0
2026-04-14,487.51995849609375,124.3604507446289,85.0999984741211,30.8799991607666,115.4000015258789,25872.3203125,100.0
2026-04-15,493.2531433105469,128.4558563232422,86.30000305175781,30.899999618530273,120.69999694824219,25947.3203125,100.0
2026-04-16,511.04583740234375,135.64779663085938,88.75,32.060001373291016,123.80000305175781,26394.259765625,100.0
2026-04-17,504.6206970214844,136.24710083007812,86.5,32.0,122.5999984741211,26160.330078125,100.0
2026-04-20,516.4824829101562,136.846435546875,85.1500015258789,32.31999969482422,122.4000015258789,26361.0703125,100.0
2026-04-21,513.0228271484375,136.14723205566406,86.44999694824219,32.400001525878906,123.0,26487.48046875,100.0
2026-04-22,498.195556640625,131.35260009765625,84.25,31.799999237060547,120.19999694824219,26163.240234375,100.0
2026-04-23,489.4969177246094,130.2538299560547,83.0999984741211,31.18000030517578,118.69999694824219,25915.19921875,100.0
2026-04-24,487.7176208496094,131.6522674560547,82.44999694824219,31.200000762939453,118.5,25978.0703125,100.0
2026-04-27,473.0881042480469,130.05406188964844,81.8499984741211,31.100000381469727,117.0,25925.650390625,100.0
2026-04-28,468.3433532714844,126.35820770263672,80.30000305175781,29.920000076293945,115.30000305175781,25679.779296875,100.0
2026-04-29,473.6811828613281,130.45362854003906,83.1500015258789,30.139999389648438,117.5,26111.83984375,100.0
2026-04-30,462.4124450683594,125.85877227783203,83.25,29.020000457763672,116.30000305175781,25776.529296875,100.0
2026-05-04,467.5525817871094,131.55238342285156,84.44999694824219,30.979999542236328,116.80000305175781,26095.880859375,100.0
2026-05-05,466.7618103027344,131.0529327392578,83.55000305175781,30.459999084472656,116.19999694824219,25898.609375,100.0
2026-05-06,457.6677551269531,134.04957580566406,82.5,30.81999969482422,116.4000015258789,26213.779296875,100.0
2026-05-07,471.9018859863281,140.7420654296875,84.25,31.1200008392334,119.0,26626.279296875,100.0
2026-05-08,465.97100830078125,138.8441925048828,84.05000305175781,31.68000030517578,118.5,26393.7109375,100.0
2026-05-11,459.0516052246094,133.74990844726562,84.3499984741211,31.700000762939453,118.5,26406.83984375,100.0
2026-05-12,451.9345397949219,133.1505889892578,84.1500015258789,31.459999084472656,118.4000015258789,26347.91015625,100.0
2026-05-13,457.2723693847656,132.65115356445312,87.5999984741211,31.799999237060547,128.1999969482422,26388.439453125,100.0
2026-05-14,454.8999938964844,137.74542236328125,85.69999694824219,31.719999313354492,130.10000610351562,26389.0390625,100.0
2026-05-15,456.3999938964844,132.15171813964844,82.69999694824219,30.700000762939453,127.9000015258789,25962.73046875,100.0
2026-05-18,449.20001220703125,131.55238342285156,82.1500015258789,30.65999984741211,126.5,25675.1796875,100.0
2026-05-19,460.0,133.1505889892578,83.05000305175781,30.639999389648438,125.9000015258789,25797.849609375,100.0
2026-05-20,455.20001220703125,131.7521514892578,82.8499984741211,30.139999389648438,127.80000305175781,25651.119140625,100.0
2026-05-21,439.0,125.85877227783203,82.0999984741211,29.65999984741211,123.5,25386.51953125,100.0
2026-05-22,441.3999938964844,126.85765075683594,81.3499984741211,30.0,121.69999694824219,25606.029296875,100.0
2026-05-26,439.0,127.45697784423828,78.80000305175781,29.760000228881836,118.5999984741211,25599.44921875,100.0
2026-05-27,434.3999938964844,124.16068267822266,77.69999694824219,28.399999618530273,116.30000305175781,25328.23046875,100.0
2026-05-28,425.0,121.66348266601562,73.30000305175781,28.559999465942383,114.19999694824219,25006.16015625,100.0
2026-05-29,427.20001220703125,120.76448822021484,73.44999694824219,28.040000915527344,113.5,25182.390625,100.0
2026-06-01,436.0,122.66236114501953,78.25,28.719999313354492,112.4000015258789,25398.1796875,100.0
2026-06-02,481.6000061035156,130.75326538085938,85.5,29.6200008392334,120.0999984741211,26038.3203125,100.0
2026-06-03,466.3999938964844,126.45809936523438,80.4000015258789,28.579999923706055,115.0999984741211,25633.2109375,100.0
2026-06-04,459.0,123.361572265625,78.5999984741211,28.3799991607666,115.0,25253.400390625,100.0
2026-06-05,453.20001220703125,122.26280975341797,79.94999694824219,27.799999237060547,115.80000305175781,24961.94921875,100.0
2026-06-08,446.3999938964844,118.6668472290039,76.25,27.3799991607666,113.5,24657.060546875,100.0
2026-06-09,453.20001220703125,116.96874237060547,77.19999694824219,27.200000762939453,114.0,24565.900390625,100.0
2026-06-10,465.6000061035156,113.5,79.0,26.31999969482422,112.19999694824219,24407.9609375,100.0
2026-06-11,457.20001220703125,107.4000015258789,78.0999984741211,25.84000015258789,108.9000015258789,24249.2890625,100.0
2026-06-12,463.6000061035156,110.19999694824219,77.9000015258789,26.200000762939453,112.5999984741211,24718.099609375,100.0
2026-06-15,459.6000061035156,109.30000305175781,78.25,26.260000228881836,112.5,24842.669921875,100.0
2026-06-16,447.3999938964844,107.0,75.30000305175781,25.65999984741211,111.5999984741211,24493.94921875,100.0
2026-06-17,445.3999938964844,106.9000015258789,74.4000015258789,25.420000076293945,111.0999984741211,24312.16015625,100.0
2026-06-18,440.20001220703125,104.9000015258789,71.80000305175781,24.579999923706055,108.9000015258789,23924.810546875,100.0
2026-06-22,433.0,102.9000015258789,72.0,23.719999313354492,107.5,23768.51953125,100.0
2026-06-23,414.79998779296875,98.94999694824219,69.5999984741211,22.6200008392334,102.80000305175781,23336.279296875,100.0
2026-06-24,428.79998779296875,99.4000015258789,67.75,22.959999084472656,101.0999984741211,23412.1796875,100.0
2026-06-25,421.3999938964844,95.0,66.0999984741211,22.299999237060547,98.75,23076.91015625,100.0
2026-06-26,411.79998779296875,89.5,64.25,21.420000076293945,96.0,22671.859375,100.0
2026-06-29,420.20001220703125,93.0,67.6500015258789,21.860000610351562,99.0,23026.6796875,100.0
2026-06-30,429.79998779296875,92.8499984741211,68.5,21.639999389648438,99.25,22881.01953125,100.0
2026-07-02,430.20001220703125,94.5,70.8499984741211,22.600000381469727,102.80000305175781,23055.029296875,100.0
2026-07-03,431.20001220703125,94.0999984741211,71.5999984741211,22.959999084472656,104.19999694824219,23350.029296875,100.0
2026-07-06,452.0,95.94999694824219,74.94999694824219,23.280000686645508,105.5,23616.3203125,100.0
2026-07-07,461.20001220703125,95.80000305175781,78.3499984741211,23.100000381469727,104.4000015258789,23496.890625,100.0
2026-07-08,478.79998779296875,107.5,80.9000015258789,25.299999237060547,108.4000015258789,24199.4609375,100.0
2026-07-09,469.6000061035156,108.0,78.5,25.0,107.69999694824219,24030.1796875,100.0
2026-07-10,460.20001220703125,110.19999694824219,78.69999694824219,25.84000015258789,110.19999694824219,24175.119140625,100.0
2026-07-13,457.6000061035156,110.69999694824219,77.94999694824219,25.84000015258789,113.19999694824219,24213.720703125,100.0
2026-07-14,456.20001220703125,110.80000305175781,79.19999694824219,26.040000915527344,113.80000305175781,24340.73046875,100.0
2026-07-15,474.0,113.4000015258789,83.4000015258789,25.860000610351562,115.69999694824219,24681.099609375,100.0
2026-07-16,484.0,116.9000015258789,87.19999694824219,27.5,116.80000305175781,25008.599609375,100.0
2026-07-17,461.6000061035156,112.5999984741211,83.6500015258789,26.8799991607666,116.30000305175781,24562.240234375,100.0
2026-07-20,477.79998779296875,116.80000305175781,86.30000305175781,27.739999771118164,120.0,25143.05078125,100.0
2026-07-21,474.0,117.0,85.19999694824219,27.420000076293945,121.0999984741211,25132.2890625,100.0
2026-07-22,440.6000061035156,113.5999984741211,83.6500015258789,26.68000030517578,118.5999984741211,24892.66015625,100.0
2026-07-23,445.20001220703125,114.9000015258789,87.30000305175781,27.139999389648438,119.5999984741211,25210.810546875,100.0
2026-07-24,434.6000061035156,110.0,86.69999694824219,26.719999313354492,118.0999984741211,24963.23046875,100.0
2026-07-27,443.0,111.0,89.30000305175781,28.68000030517578,119.19999694824219,25207.1796875,100.0
2026-07-28,447.20001220703125,112.0,90.30000305175781,29.260000228881836,124.0999984741211,25310.849609375,100.0
2026-07-29,466.3999938964844,113.5999984741211,92.30000305175781,31.8799991607666,126.19999694824219,25807.919921875,100.0
2026-07-30,471.79998779296875,111.80000305175781,92.6500015258789,31.040000915527344,128.6999969482422,25858.880859375,100.0
2026-07-31,475.20001220703125,117.0,92.5,28.780000686645508,127.0999984741211,25884.4296875,100.0
2026-08-03,490.3999938964844,125.19999694824219,93.44999694824219,27.959999084472656,129.3000030517578,26009.400390625,100.0
2026-08-04,487.6000061035156,125.80000305175781,92.69999694824219,27.959999084472656,129.10000610351562,25852.919921875,100.0
2026-08-05,492.20001220703125,128.10000610351562,93.05000305175781,27.639999389648438,130.0,25915.8203125,100.0
2026-08-06,479.20001220703125,124.4000015258789,92.19999694824219,26.860000610351562,127.30000305175781,25530.279296875,100.0
2026-08-07,478.79998779296875,123.80000305175781,92.19999694824219,27.059999465942383,127.5,25668.029296875,100.0
2026-08-10,481.3999938964844,126.69999694824219,93.9000015258789,27.6200008392334,130.39999389648438,25937.490234375,100.0
2026-08-11,470.79998779296875,126.4000015258789,93.05000305175781,26.65999984741211,126.5,25652.8203125,100.0
2026-08-12,461.6000061035156,122.5999984741211,91.6500015258789,26.360000610351562,123.0,25440.169921875,100.0
2026-08-13,441.0,121.9000015258789,91.25,25.8799991607666,123.0,25396.509765625,100.0
2026-08-14,440.0,119.9000015258789,87.19999694824219,25.6200008392334,110.19999694824219,25116.849609375,100.0
2026-08-17,446.3999938964844,122.19999694824219,87.6500015258789,25.8799991607666,113.0,25453.23046875,100.0
2026-08-18,442.3999938964844,126.69999694824219,85.55000305175781,26.18000030517578,111.0,25471.150390625,100.0
2026-08-19,447.20001220703125,124.19999694824219,87.05000305175781,27.440000534057617,112.5999984741211,25495.0703125,100.0
2026-08-20,451.3999938964844,126.19999694824219,85.8499984741211,27.760000228881836,114.5,25698.490234375,100.0
2026-08-21,457.0,123.0,85.0,29.020000457763672,115.19999694824219,26009.4609375,100.0
2026-08-24,440.0,112.5,82.69999694824219,27.81999969482422,113.30000305175781,25517.330078125,100.0
2026-08-25,442.0,114.19999694824219,77.19999694824219,27.760000228881836,113.0,25511.099609375,100.0
2026-08-26,445.3999938964844,116.5999984741211,78.05000305175781,28.459999084472656,113.0999984741211,25652.970703125,100.0
2026-08-27,447.79998779296875,115.5,77.5,27.479999542236328,112.0999984741211,25565.740234375,100.0
2026-08-28,455.20001220703125,113.9000015258789,77.5,27.81999969482422,110.5,25584.7890625,100.0
2026-08-31,453.0,114.19999694824219,78.9000015258789,27.6200008392334,112.19999694824219,25566.990234375,100.0
2026-09-01,441.3999938964844,110.4000015258789,76.6500015258789,27.559999465942383,108.5999984741211,25329.73046875,100.0
2026-09-02,438.20001220703125,109.9000015258789,78.75,28.059999465942383,108.5999984741211,25311.2109375,100.0
2026-09-03,433.0,107.5,77.6500015258789,27.440000534057617,106.9000015258789,25213.310546875,100.0
2026-09-04,442.79998779296875,110.0999984741211,81.75,28.440000534057617,110.4000015258789,25650.869140625,100.0
2026-09-07,438.3999938964844,109.5999984741211,80.05000305175781,27.5,108.80000305175781,25413.119140625,100.0
2026-09-08,435.3999938964844,109.5,80.5999984741211,26.920000076293945,108.5999984741211,25317.1796875,100.0
2026-09-09,434.0,109.80000305175781,77.80000305175781,26.3799991607666,106.30000305175781,25274.9609375,100.0
2026-09-10,425.6000061035156,106.9000015258789,74.75,25.920000076293945,105.5,24954.470703125,100.0
2026-09-11,428.3999938964844,107.5,75.0999984741211,26.360000610351562,106.19999694824219,24805.630859375,100.0
2026-09-14,430.6000061035156,105.9000015258789,75.05000305175781,27.15999984741211,106.0,24917.599609375,100.0
2026-09-15,438.79998779296875,107.19999694824219,74.75,26.5,106.30000305175781,24667.240234375,100.0
2026-09-16,433.3999938964844,106.19999694824219,74.44999694824219,26.18000030517578,105.9000015258789,24713.779296875,100.0
2026-09-17,426.0,105.0999984741211,72.9000015258789,26.139999389648438,105.0,24604.2890625,100.0
2026-09-18,419.0,109.30000305175781,73.19999694824219,26.399999618530273,105.0,24750.779296875,100.0
2026-09-21,430.0,112.5999984741211,74.0,27.579999923706055,105.4000015258789,25042.7109375,100.0
2026-09-22,451.6000061035156,114.80000305175781,73.19999694824219,27.200000762939453,106.5,25087.75,100.0
2026-09-23,441.0,109.80000305175781,72.8499984741211,26.18000030517578,106.0999984741211,24834.119140625,100.0
2026-09-24,438.3999938964844,110.0,72.25,26.579999923706055,105.5999984741211,24761.130859375,100.0
2026-09-25,436.6000061035156,108.4000015258789,71.6500015258789,25.899999618530273,103.69999694824219,24510.08984375,100.0
2026-09-28,439.79998779296875,107.69999694824219,71.9000015258789,25.860000610351562,104.5,24642.509765625,100.0
2026-09-29,432.0,106.19999694824219,70.44999694824219,25.200000762939453,103.0999984741211,24523.5703125,100.0
2026-09-30,431.0,106.5999984741211,71.69999694824219,25.239999771118164,104.30000305175781,24613.26953125,100.0
